cuisine,id,value,name,nevalue,nvalue
American (traditional),VF9wvcgVPDVa9LBDHPrXuw,15,Stackers Restaurant,3.581372549,2.234741784
American (traditional),93hdmjYc8IXsf69VrkRHog,133,Good Fellas Grill,32.50294118,21.07042254
American (traditional),d7V3ykQHqChv0KtXEanKLw,72,Rock Bottom Restaurant & Brewery,17.55196078,11.33333333
American (traditional),0QEpZi6AelUOXfk3-lCd1A,9,Down South Restaurant,2.110784314,1.276995305
American (traditional),SRaXY_h-PnoVkNamuGzAdQ,10,Hooters,2.355882353,1.436619718
American (traditional),rLv5DPLnO67TCHIbbBWYPA,42,Native New Yorker,10.19901961,6.544600939
American (traditional),7pj0w2wN4LWhvTCPz78h1Q,5,Rennick's Restaurant,1.130392157,0.638497653
American (traditional),OL9p2tme85Sd3d8mCiSOxw,21,Fox Sports Grill,5.051960784,3.192488263
American (traditional),P8YUA2bXP-wD3VOzWqKVyw,43,Sacred Hogan Navajo Frybread,10.44411765,6.704225352
American (traditional),xdmT9sejRDEyud8YFbEcjg,51,Bill Johnsons Big Apple,12.40490196,7.981220657
American (traditional),tWVuAPWXvW2g8ce0WWepXA,30,George's Famous Gyros & Pasta,7.257843137,4.629107981
American (traditional),wmuYTDs5kVaPRdFjKGtk_w,9,Country Boys Restaurants,2.110784314,1.276995305
American (traditional),kPh2gPvd8moVx6gNf2iHsA,29,Taberna del Tequila,7.012745098,4.469483568
American (traditional),e0vubCKi8KD8zC2C6FdbuQ,34,Islands Restaurant,8.238235294,5.267605634
American (traditional),tdlSjsWl9PYEUBhDXkIvXQ,12,Marston's Cafe,2.846078431,1.755868545
American (traditional),PeC1ec6uyX3hlGIPORqs7w,11,Moon Valley Grill,2.600980392,1.596244131
American (traditional),h1kwVr1eTpBK0rWfcm5QSg,84,Buffalo Wild Wings,20.49313725,13.24882629
American (traditional),PkBkqQpAoeX3Ogo5HBthQg,22,Gallagher's,5.297058824,3.352112676
American (traditional),Rj5gyaRIIwDX_OJa1LlE4A,33,Chick Rotisserie & Wine Bar,7.993137255,5.107981221
American (traditional),To5CjntVFawXM_hpAhvVdQ,78,Wally's' American Pub N Grill,19.02254902,12.29107981
American (traditional),QhZgTuDoGMXyLu2WzrPoyw,12,Village Inn,2.846078431,1.755868545
American (traditional),8DKEWD2DaU6XlMNRN4QNlA,43,HEK Yeah BBQ,10.44411765,6.704225352
American (traditional),BT2Vls7h6sWrCKa5gGXbKg,43,Long Wong's Restaurant,10.44411765,6.704225352
American (traditional),3oZcTGb_oDHGwZFiP-7kxQ,613,Chelsea's Kitchen,150.15,97.69014085
American (traditional),619v4z_tj2NiZWuX1tPdrw,25,Black Bear Diner,6.032352941,3.830985915
American (traditional),#NAME?,3,Marie Callender's,0.640196078,0.319248826
American (traditional),po5FyERB4lUZNnBIwnhFlg,15,Sonic Drive-In,3.581372549,2.234741784
American (traditional),HmieoxfEuZT91ojxluadZg,13,Shenanigans Bar & Grill,3.091176471,1.915492958
American (traditional),uECIvsUWlDWSiJ9jAfH_kQ,51,Texas Roadhouse,12.40490196,7.981220657
American (traditional),DVYTS0ZLO-3ClAhMd99VYA,11,Chaka Chaka Urban Cuisine,2.600980392,1.596244131
American (traditional),SAS7V55TcgZSTJ21ZnXqmQ,18,12th Fairway Bar & Grill,4.316666667,2.713615023
American (traditional),Qchl3BUVrwGM7h8Qduw6Aw,8,Copper Door,1.865686275,1.117370892
American (traditional),2gMx4KnXbNtpoCuVCmyo3g,8,Coco's Restaurant,1.865686275,1.117370892
American (traditional),INMlF39JiK9buYVNUR6O7g,4,The Playa II Bar and Grill,0.885294118,0.478873239
American (traditional),55seKyxRWUmHC1s52xk45g,62,Gallagher's,15.10098039,9.737089202
American (traditional),WRjMDL79KQ0ZG5yCdfJiYA,39,Buffalo Wild Wings,9.46372549,6.0657277
American (traditional),C_YBdVpxct0NqjrCJDBlxA,13,Sizzler,3.091176471,1.915492958
American (traditional),E0fZHHInMb6xscHDrPlh4Q,15,The Art Of Soup,3.581372549,2.234741784
American (traditional),vWcUrFcweGXAWsil_pfpjw,7,Whataburger,1.620588235,0.957746479
American (traditional),ZJxs1L4oMhX9GW00ty0aAg,42,Buffalo Wild Wings,10.19901961,6.544600939
American (traditional),psZF-7maJzwhtfesiSrACA,9,Whataburger,2.110784314,1.276995305
American (traditional),faitVIiNezSN0ogZQSZPWQ,5,Lantana Grille,1.130392157,0.638497653
American (traditional),UB2j_EV3CIM_E4LcpadKMQ,162,Salty Sow,39.61078431,25.69953052
American (traditional),ET9VpUk1UgjMN5DJRV0yOw,7,Christopher's Fermier Brasserie & Paola's Wine Bar,1.620588235,0.957746479
American (traditional),dVRRT0zVk8eFNx0Wv6gMmg,5,Chili's Grill & Bar,1.130392157,0.638497653
American (traditional),QAqD40DAbYXBcw1oX3AJyw,4,Left Seat Restaurant & Lounge,0.885294118,0.478873239
American (traditional),Xk3inJcuBGLhavUcdlINZA,161,Crudo,39.36568627,25.5399061
American (traditional),nY2QBNMEfT3j68j-DHOGyg,26,Waffle House,6.27745098,3.990610329
American (traditional),1-1VcGTL3GyCqUpXZLFTZA,61,Friday's Front Row Sports Grill,14.85588235,9.577464789
American (traditional),0Apb1P7RzbQEkeJDuywlPQ,10,George & Dragon II English Restaurant Pub,2.355882353,1.436619718
American (traditional),iins67bZVJeDrjiOTZh8DQ,21,Red Lobster,5.051960784,3.192488263
American (traditional),PN3aQAH-RONnK-ahkNm0xg,77,Zipps Sports Grill,18.77745098,12.1314554
American (traditional),qAORECtABjr_FsvSzy1apw,39,Smashburger,9.46372549,6.0657277
American (traditional),SgTjnyElc26gPUghVuCuSQ,51,Keegan's Grill & Taproom Foothills,12.40490196,7.981220657
American (traditional),fgVwzwERnAicqg38PawxsA,19,Applebee's,4.561764706,2.873239437
American (traditional),YJJx6rYfHQtmBd3qq-Lcbw,9,Whataburger,2.110784314,1.276995305
American (traditional),rVUEZpHQfWI_3kt0lBwaxQ,63,Keegan's Grill,15.34607843,9.896713615
American (traditional),0RqNRc6RiILzZxK9J8Kqug,51,Red Robin Gourmet Burgers,12.40490196,7.981220657
American (traditional),AVUpq52fSE9q3v9tO-i_3g,22,The Fry Bread House,5.297058824,3.352112676
American (traditional),v96aR__oKt2aqT-azpcA6A,5,Phoenix All-stars Sports Bar & Grill,1.130392157,0.638497653
American (traditional),0MQ3inDAuiq43TN9hw_Rbw,3,Sonic Drive-In,0.640196078,0.319248826
American (traditional),Sodko0hlMg7F5doNJGKcWQ,59,Claim Jumper,14.36568627,9.258215962
American (traditional),oCA2OZcd_Jo_ggVmUx3WVw,251,Alice Cooper'stown,61.4245098,39.90610329
American (traditional),k6PuJ964NF2NEoXoOg0ijA,30,Caps Sports Grill,7.257843137,4.629107981
American (traditional),Jj7bcQ6NDfKoz4TXwvYfMg,28,Fuddruckers,6.767647059,4.309859155
American (traditional),pk0vem-ismpPnVeTIG0Q5g,5,Applebee's Neighborhood Grill & Bar,1.130392157,0.638497653
American (traditional),2B0pIRjAt64mFMV-2ZRCfg,3,Arby's Roast Beef,0.640196078,0.319248826
American (traditional),IW-NYIHk50mXV5Nz7nSGyw,33,Zipps Sports Grill,7.993137255,5.107981221
American (traditional),N-hmuPPHrTxDA_pQXgt9zQ,11,O Bar & Grill,2.600980392,1.596244131
American (traditional),8jTAfGcJMLs9VNcG4dndNQ,31,LongHorn Steakhouse,7.502941176,4.788732394
American (traditional),Lk-FP6yxYRTcU52SaTx2EA,12,Cactus Jack's Bar & Grill,2.846078431,1.755868545
American (traditional),0Jouvs4G3d6CcG3pYGZ20A,12,Lunch Box,2.846078431,1.755868545
American (traditional),ykKSshfa9ANCZCuvM2LaWg,82,Culver's,20.00294118,12.92957746
American (traditional),JW6fDZOuUKtJyZGeldh0xA,18,Chestnut Lane,4.316666667,2.713615023
American (traditional),fDZzCjlxaA4OOmnFO-i0vw,157,The Oink Cafe,38.38529412,24.90140845
American (traditional),g4y3_YqR4jmfCP9K0TzxrQ,9,Marcel's,2.110784314,1.276995305
American (traditional),kvyYxHukGKi2ILJvDrLMsg,2,The Raven Grill,0.395098039,0.159624413
American (traditional),oaakO-X7uOXNxqsxjDSKfg,101,Half Moon Sports Grill,24.65980392,15.96244131
American (traditional),UUssRgBCO_riWg3chbv9Zg,61,Satisfied Frog On Bell,14.85588235,9.577464789
American (traditional),wRWakw2wXmMEAe9FW9w1Pg,34,Native Grill and Wings,8.238235294,5.267605634
American (traditional),bbiV-lPmRaK_gjzE77x_jA,8,South Bank Grill,1.865686275,1.117370892
American (traditional),IURIbkgQgHXAgwX6hAgiNQ,107,Gertrude's,26.13039216,16.92018779
American (traditional),2xczXFsc4GeilxL8B8R3Vg,26,Whataburger,6.27745098,3.990610329
American (traditional),YUMvB8pA2yfVeAouAHzn7g,3,Denny's,0.640196078,0.319248826
American (traditional),5QOitecMgPwjT8RbUAQdig,8,Red Lobster,1.865686275,1.117370892
American (traditional),v48aS-Z-nw6o9qsHdHz8zA,68,Logan's Roadhouse,16.57156863,10.69483568
American (traditional),gQjTs4BDNYSu9oJhkEsssw,40,Lone Star Steakhouse,9.708823529,6.225352113
American (traditional),Lo0dRIDKXc5mlE-coVZrtQ,80,Chloe's Corner,19.5127451,12.61032864
American (traditional),5XU8ys_TsulI-FJ5nzuNvg,66,U.S. Egg,16.08137255,10.37558685
American (traditional),SfrBXbRdNB_gqPkIgJyKCg,13,Bitter Creek Cafe,3.091176471,1.915492958
American (traditional),aqD66Sve2mE4cq021LWQmA,5,Segal's Oasis Grill,1.130392157,0.638497653
American (traditional),0nGjXTpUtpIJl10PL0eBGg,120,Breakfast Club,29.31666667,18.99530516
American (traditional),JbJDlfcnYiyZRXeHQcAVjg,73,Raising Cane's,17.79705882,11.49295775
American (traditional),2I666dqzs1XB6xigIKa9bA,44,Tom's Tavern & 1929 Grill,10.68921569,6.863849765
American (traditional),VFjeCLwVMguUNWH-DeOgyw,36,Fox News Sky Box,8.728431373,5.58685446
American (traditional),qdI9KaRhOzaJRK0dvGUSaw,21,Coco's Family Restaurant,5.051960784,3.192488263
American (traditional),GVUtuBmDdvXxXtjrvHHJnQ,11,The Flight Line Bar and Grill,2.600980392,1.596244131
American (traditional),3Zsjlum5kl5N5KV712aTMQ,149,Different Pointe of View,36.4245098,23.62441315
American (traditional),fG3yJmDXfSU8eW8HY1K3aQ,7,Whataburger,1.620588235,0.957746479
American (traditional),pAHUC05ceak48e745i6G4g,207,Paradise Valley Burger Company,50.64019608,32.88262911
American (traditional),fsQFHGMbqWf7MT6KYMuJxQ,8,Boston Market,1.865686275,1.117370892
American (traditional),cIwMq5KNq0ASQzoTP1dE9Q,12,Boston Market,2.846078431,1.755868545
American (traditional),r8CwFUEQtL8gAT9KHnNhuw,75,Teakwoods Tavern & Grill,18.2872549,11.81220657
American (traditional),oIXw9z-OuDlMDKUBPRny2w,53,Uncle Bear's Brewhouse Grill,12.89509804,8.300469484
American (traditional),YSQnaRE4Le6CaonZICFyVQ,2,Chili's Grill and Bar,0.395098039,0.159624413
American (traditional),aZFihxH7QGWeIXw8uw_xDg,11,Hooters,2.600980392,1.596244131
American (traditional),U-uTG4ofQoaCGGY5MVsJsA,18,LongHorn Steakhouse,4.316666667,2.713615023
American (traditional),zj0BkAi54BGU_AK6AyvJDQ,151,Rusconi's American Kitchen,36.91470588,23.94366197
American (traditional),t1ahkb3p7HsSC7sLkrcMfQ,18,Olive & Ivy Marketplace,4.316666667,2.713615023
American (traditional),t_0576Esa58pcLHCEpj31A,119,Steve's Grill,29.07156863,18.83568075
American (traditional),#NAME?,23,Chili's Too,5.542156863,3.511737089
American (traditional),DDnmNTvIIQu2t3WZ2EQx-w,193,Sierra Bonita Grill,47.20882353,30.64788732
American (traditional),nts2OALwvyvfNh9focRZ3w,216,Hillside Spot,52.84607843,34.31924883
American (traditional),SgGINtDKQgoXoAnQgrDKDg,38,Native New Yorker,9.218627451,5.906103286
American (traditional),Q5diW79GD0MSJ10j1HCf8Q,4,TGI Friday's,0.885294118,0.478873239
American (traditional),tfVKzEDu8XYyP8KO1dsNvQ,82,Two Hippies Gnarly Burger Joint,20.00294118,12.92957746
American (traditional),uflQ_lKBfS6WknNlm_HK8g,14,Sizzler,3.33627451,2.075117371
American (traditional),MiajUnwoG7RGoaolO1rPaw,76,Ranch House Grille,18.53235294,11.97183099
American (traditional),AaTC0a1gQ8Q6VJ6HQLYllg,3,Madi G's,0.640196078,0.319248826
American (traditional),QXWXLEVGeONoZHLmHuFemQ,11,Sonic Drive-In,2.600980392,1.596244131
American (traditional),NkGQRN6ahwQoFEAlHq8NHg,40,Blue 32 Sports Grill,9.708823529,6.225352113
American (traditional),8FNO4D3eozpIjj0k3q5Zbg,42,Deer Valley Airport Restaurant,10.19901961,6.544600939
American (traditional),Ane4XcpP7aWzhjd8SGiciQ,38,Red Robin Gourmet Burgers,9.218627451,5.906103286
American (traditional),MU3i2uEyUBntebU6pEyMbw,40,McCormick & Schmicks Seafood Restaurant,9.708823529,6.225352113
American (traditional),VuPhv9CNIHLOzS2JeDwLOA,2,Waffle House,0.395098039,0.159624413
American (traditional),EmlgWjs1ZzZEpDjZCSPLmw,270,AMC Dine-in Theatres Esplanade 14,66.08137255,42.93896714
American (traditional),mPMw_JxSRjzPXVdTjWmV6Q,3,Whataburger,0.640196078,0.319248826
American (traditional),Vz-PukBDv5j1UDOYbMbb1w,26,Ruby Tuesday,6.27745098,3.990610329
American (traditional),vYvT8J9uEh4Fqt7f9ILKlA,36,Azool Grill,8.728431373,5.58685446
American (traditional),63cjAsO1jXvrwvjkUiEkVA,16,Casey Jones Grill,3.826470588,2.394366197
American (traditional),gkv2XvXpFgiq4Bb2XK7YmQ,69,Hard Rock Cafe,16.81666667,10.85446009
American (traditional),fmpEjlZhFlMHaGmsKJlUTg,27,The Other Q Bar and Grill,6.52254902,4.150234742
American (traditional),9UgwLTF5mSf9ip2xEYYy2g,14,Ironworks Restaurant,3.33627451,2.075117371
American (traditional),FqzgT9Y-Yu7jiWdHnGW-kQ,372,The Vig,91.08137255,59.22065728
American (traditional),MXOdsPTLQPsQK9hUq01DWg,219,Arcadia Tavern,53.58137255,34.79812207
American (traditional),qkhzmBKShH9QQwh16hMxQw,10,JB's Restaurant,2.355882353,1.436619718
American (traditional),z3zcsnK26QhC7TqDX73zvA,44,Black Angus Steakhouse,10.68921569,6.863849765
American (traditional),GDeu_BPyb4PBDZSv1J9-6A,7,On Deck Sports Grill,1.620588235,0.957746479
American (traditional),hzUOqxpcnYYBgLlrgvjQYQ,40,Applebee's,9.708823529,6.225352113
American (traditional),hvaOgvC3F9b0G1eefGlzNQ,29,Thunderbird Roadhouse,7.012745098,4.469483568
American (traditional),cjFDprdEXbDDdraONMy5Pg,42,Pete's Fish And Chips,10.19901961,6.544600939
American (traditional),0OjN8M62r8cJhSF1mGfsdg,4,Sonic Drive-In,0.885294118,0.478873239
American (traditional),QG4qmOPBgNigdI4cUYhKJg,21,Native New Yorker,5.051960784,3.192488263
American (traditional),m4Gw2d0_iWE3kyDhNtD0-g,38,Wingettes,9.218627451,5.906103286
American (traditional),UScgPn6pIHuOmQJTsZQIOg,148,Corbin Bar & Grill,36.17941176,23.46478873
American (traditional),GjvIDOEhdQB1oPrFeSpxBw,65,Gordon Biersch,15.83627451,10.21596244
American (traditional),CNS4j16dzLWDPEV-UM9SLg,12,Jackalope Flats,2.846078431,1.755868545
American (traditional),gPCUIvpMCXVDRqszO8v69w,23,SpoonZ Cafe,5.542156863,3.511737089
American (traditional),1ulwCamdqoX-SdMTcOhHDw,14,The Courtyard Cafe,3.33627451,2.075117371
American (traditional),y7A3nmvqtyfEysI9nGUiOA,14,Legends Sports Bar & Restaurant,3.33627451,2.075117371
American (traditional),lnX2gaGdO0fNtykyFrp1AA,26,Mel's Diner,6.27745098,3.990610329
American (traditional),avvNnkpGpGIS-2CClsduXA,10,Rimrock Bar & Grille,2.355882353,1.436619718
American (traditional),oUpVWZv6Sa62wTkkS7V7qQ,5,Trails End Bar & Grill,1.130392157,0.638497653
American (traditional),F-ykHfGY9lWr12OJ_Ofy7A,50,Gallagher's Sports Grill,12.15980392,7.821596244
American (traditional),KwnYw_cLsYkUPA6ZUmqsYQ,3,Devil's Greens,0.640196078,0.319248826
American (traditional),PdWe3jF9YEu5fWBiQXZIgg,72,Dave & Buster's,17.55196078,11.33333333
American (traditional),iAYzRvyBrSkJDu_XZ-E1zQ,45,Fast Eddie's Diner,10.93431373,7.023474178
American (traditional),2cMWbJvpxgmSAWoRQzcNIA,5,Bistro 202,1.130392157,0.638497653
American (traditional),cTyBfWfmgL3vgRetyfmtyA,8,Sport Peppers Grill,1.865686275,1.117370892
American (traditional),C37jakxE5TX6ccAfjp2kJA,4,Nixon's,0.885294118,0.478873239
American (traditional),0kZ4aYmqf5fzTt9Yvz8Kvw,24,Waffle House,5.787254902,3.671361502
American (traditional),JxgoluY8hnC34cys_f80xA,15,Deemos American Grill,3.581372549,2.234741784
American (traditional),RUjaYACMwyQ2R7_Lz4p8Yg,20,North 51 Grill,4.806862745,3.03286385
American (traditional),wn7GiuOQ_0VrPXNc1wVTDA,18,Fatburger,4.316666667,2.713615023
American (traditional),D7uAJToqGk1hQxfZDO5ijg,9,Belvedere American Bar & Grill,2.110784314,1.276995305
American (traditional),2r8jGeuYvMkyP2ik_X-Bxw,120,The Cheesecake Factory,29.31666667,18.99530516
American (traditional),bKr2DfxkmVNSWM2ZrjMT_A,17,Golden Corral,4.071568627,2.55399061
American (traditional),691w3FIZWH7cz3IYGor5Ag,23,Cafe Aroma,5.542156863,3.511737089
American (traditional),Xta0mTpGJWC2yi6kiQm_vg,37,Melrose Kitchen,8.973529412,5.746478873
American (traditional),#NAME?,49,Mimi's Cafe,11.91470588,7.661971831
American (traditional),oJ1xS-B6FJis_8_jdMBPLQ,3,Chili's Grill & Bar,0.640196078,0.319248826
American (traditional),Lm4rjgZlTtLfsriICKdD8A,20,Game Seven Grill,4.806862745,3.03286385
American (traditional),FOfhEC6rN23RQaUlsR2byw,109,The Melting Pot,26.62058824,17.23943662
American (traditional),YWDfUAPwScdW_9GmGskkZg,1,Coppers Sports Grill,0.15,0
American (traditional),3E_toMWSUCuhRJzG1eml8Q,50,Smashburger,12.15980392,7.821596244
American (traditional),KqsvvlzoJH3TUrk_vlbcsQ,35,Harem Lounge,8.483333333,5.427230047
American (traditional),Y9D61SRDiTAYJeaVbqvbFg,113,Wolfley's Neighborhood Grill,27.60098039,17.87793427
American (traditional),QdbZyl-LWFS54u93Vjd5SA,135,The Capital Grille,32.99313725,21.38967136
American (traditional),PSAK5sUss8yiN7Q_72Zlxw,8,Boston Market,1.865686275,1.117370892
American (traditional),8SoWH_iOdZD1OvebCwJUbg,13,Dennys,3.091176471,1.915492958
American (traditional),CuLdSn4wFwog-z2OMSwBCQ,26,Skunk Creek Flats,6.27745098,3.990610329
American (traditional),NX5YHSIyesufcsI7Rg5NLg,38,Mimi's Cafe,9.218627451,5.906103286
American (traditional),7LGjM8HKJTwqfYU3C7N_0w,50,Rico's American Grill,12.15980392,7.821596244
American (traditional),O-ylVyHn6e6kaoJO-jHj-w,43,Hole-in-the-Wall,10.44411765,6.704225352
American (traditional),G4ZZHlp6CdYBZOirW2_PQA,128,Tilted Kilt Pub & Eatery,31.27745098,20.27230047
American (traditional),ixTr1qXUFGTzyaZUuCDDvg,18,Whataburger,4.316666667,2.713615023
American (traditional),4SwDarJGXaUPGv8QpmpHxQ,4,Ruby Tuesday,0.885294118,0.478873239
American (traditional),oIkwj10HmUiognO68j7jOg,108,Kona Grill,26.3754902,17.07981221
American (traditional),sspvIv6br3Vto2s5JkeiMw,10,Dick Clark's Bar and Grill,2.355882353,1.436619718
American (traditional),OmxAvtMyIvCVm16NFIOOUA,19,TGI Friday's,4.561764706,2.873239437
American (traditional),WoJrHOtrQ5R4jx80GwlnxA,17,Swensen's Grill &  Ice Cream Parlor,4.071568627,2.55399061
American (traditional),E_wJCQ9L_0w5tJyrvr0lJQ,45,First Watch,10.93431373,7.023474178
American (traditional),QlEU-1VCqJbTzSf8mFAZUg,13,Desert Springs Brewing Company,3.091176471,1.915492958
American (traditional),4uvdld7zvWk05RZuI9rDPA,18,Bill Johnson's Big Apple Restaurants,4.316666667,2.713615023
American (traditional),SZvYxcvYYVRue9MXcEDjsA,18,Coco's Family Restaurant,4.316666667,2.713615023
American (traditional),4WcxnNv_lzCIG2eb8O5Mlg,7,The Brickhouse,1.620588235,0.957746479
American (traditional),xmjv8g356v8Qo55ICjG8rg,106,CK's Tavern & Grill,25.88529412,16.76056338
American (traditional),A-ZhvQa5A-XSqZB3HH6TVw,5,Sonic Drive-In,1.130392157,0.638497653
American (traditional),#NAME?,7,Charlie D's Catfish & Chicken,1.620588235,0.957746479
American (traditional),M2Dw6a9MSIFUtVO3bF2ckw,17,Chili's Grill & Bar,4.071568627,2.55399061
American (traditional),XWvht_1ZLdK7EHJ3jo4q0g,355,The White Chocolate Grill,86.91470588,56.50704225
American (traditional),vBDVxjMtXzZ8GUhV-1L3Jw,27,Chili's Grill & Bar,6.52254902,4.150234742
American (traditional),0xWF7PpTNl-awqg2YGxxFQ,20,IHOP,4.806862745,3.03286385
American (traditional),mqQwChPNN4o4DhAzaGntIA,171,The Fry Bread House,41.81666667,27.13615023
American (traditional),1LSxfyNIUFbQb-Ej0FDGTw,50,Mimi's Cafe,12.15980392,7.821596244
American (traditional),2RxIERKZi5gjLW76MkFotQ,48,40th Street Cafe,11.66960784,7.502347418
American (traditional),yLfYR-PvIzAv9DnEH68Rgw,8,The Bamboo Club,1.865686275,1.117370892
American (traditional),2VU7F1oqCxpVPVlvpwvacw,42,Barfly,10.19901961,6.544600939
American (traditional),F5vKD7ajS69CwuFyBVxA_g,5,Boston Market,1.130392157,0.638497653
American (traditional),Y1jkxceoqE5LrTL5eqPXsA,10,Euro Grill,2.355882353,1.436619718
American (traditional),PejTHpMkh8sJZGdGaZuPpw,20,Applebee's,4.806862745,3.03286385
American (traditional),r9sGMJ084n4IS9eGmlCKjg,90,Feeney's Restaurant and Bar,21.96372549,14.20657277
American (traditional),j_Id-xnaHfyJRV5FlciYhA,15,Smashburger,3.581372549,2.234741784
American (traditional),jWuPCzdyM21_mBMwBhcXag,3,City Hall Grill,0.640196078,0.319248826
American (traditional),JB9zRTOKSS1ApkF1T7_khw,9,Mid City Kitchen,2.110784314,1.276995305
American (traditional),4FS5otEktCyI1aDpg_h03g,95,Kincaid's Classic American Dining,23.18921569,15.00469484
American (traditional),TuCAYZ89lP_s6D7Y78xNhQ,134,Smashburger,32.74803922,21.23004695
American (traditional),VFRfBYycuieR56jZ6dgVeg,16,Yoasis Ahwatukee,3.826470588,2.394366197
American (traditional),W41CEzdKJe8wdDB-Rd6KJQ,15,Breakroom Bar & Grill,3.581372549,2.234741784
American (traditional),5ipAMcjec7GH7tztXYLTgQ,9,IHop,2.110784314,1.276995305
American (traditional),XMVetdmE2IzMcRbvjhVFnQ,5,Arizona Club,1.130392157,0.638497653
American (traditional),hBodj_f6adUAnEVUb_he_A,2,Turk's Fish and Chips,0.395098039,0.159624413
American (traditional),reMYkuDhLk4raAviOFtvOQ,46,Lenny's Burger Shop,11.17941176,7.183098592
American (traditional),CqhsIZ7TzCfJTrZqg5-gqQ,122,Armadillo Grill,29.80686275,19.31455399
American (traditional),cXx-fHY11Se8rFHkkUeaUg,40,16th Street Sports Bar & Grill,9.708823529,6.225352113
American (traditional),qsWxbgQwuomXvMseg23DGg,58,Hooters,14.12058824,9.098591549
American (traditional),cjUmPLRT43wN9Z87A9BOpg,34,Applebee's,8.238235294,5.267605634
American (traditional),hNVcBhJSD5HyLKMf_Z7TaA,37,Islands Restaurant,8.973529412,5.746478873
American (traditional),#NAME?,8,Wendy's Old Fashioned Hamburgers,1.865686275,1.117370892
American (traditional),vFJmFFfPVhHkC3bWOeZnNA,45,Casey Jones Grill,10.93431373,7.023474178
American (traditional),77tMP3nG9TH0rrhf6G4g6A,4,Lager Fields' Micropub and Grill,0.885294118,0.478873239
American (traditional),ziaSXim-Om_a62V7X0GSpQ,9,A-Town Grill & Eatery,2.110784314,1.276995305
American (traditional),5GpvSL1tlAjpgdJKZ5eLpg,51,Texas Roadhouse,12.40490196,7.981220657
American (traditional),ksD6Pv6wOocscrEMqfnYbA,15,The DawgFather Grill,3.581372549,2.234741784
American (traditional),HQFscafV3wi5z4yOKdUGRg,86,5th Avenue Cafe,20.98333333,13.56807512
American (traditional),tb24fvNJfHhyKEXkKn12Xw,167,Welcome Diner,40.83627451,26.49765258
American (traditional),immAndhZ-o1qrlFrIw8YjQ,9,Village Inn,2.110784314,1.276995305
American (traditional),#NAME?,9,Stonegrill,2.110784314,1.276995305
American (traditional),qz4ZOcv-840UjfCEYI4qZg,53,Jt's Bar & Grill,12.89509804,8.300469484
American (traditional),GAPqG0WNBBidKeZTMpEZ-w,139,Local Breeze,33.97352941,22.02816901
American (traditional),hMd49yw32d7I0Kk1ZIOeXg,4,Arby's Roast Beef,0.885294118,0.478873239
American (traditional),MLcXtnpzygZvQ9BtseLLlw,168,Farm At South Mountain,41.08137255,26.657277
American (traditional),w7SrsFV4FL04bhQr-B6-4w,66,Raising Cane's,16.08137255,10.37558685
American (traditional),JImJictLIE48_O1z-l2TGw,30,Wagon Yard,7.257843137,4.629107981
American (traditional),Upru5VE0jZ81ZQVVNCK_uA,4,Sonic Drive-In,0.885294118,0.478873239
American (traditional),kjZJsF1juY_pTOw_A8Ve6w,24,Chili's Grill & Bar Catering,5.787254902,3.671361502
American (traditional),K4VHuqUFwc4eeC8LkMLyTA,18,Waffle House,4.316666667,2.713615023
American (traditional),BcuFT-gQj6Epl56ZAWJIdA,12,ZeeZ Grill,2.846078431,1.755868545
American (traditional),s_cKw6m0Fw9jZbobRH0YSg,40,Rock Bottom Restaurant & Brewery,9.708823529,6.225352113
American (traditional),A0c5KmspCG9TMOZkjLWaTA,1,Johnny's Uptown,0.15,0
American (traditional),GTVneiUeIyRL8Wa_WmEQ0g,14,Whataburger,3.33627451,2.075117371
American (traditional),45puCRQ6Vh_IIAy7kkfFDQ,135,Majerle's Sports Grill,32.99313725,21.38967136
American (traditional),ot4Of_A9onKHoVt4XU7v5g,3,Sonic Drive-In,0.640196078,0.319248826
American (traditional),nckQIGiiUxztAQ2Boo6Tlw,5,Ocotillo Sun,1.130392157,0.638497653
American (traditional),XBpxFy0h7KE-GtKuCX2JQw,6,Sonic Drive-In,1.375490196,0.798122066
American (traditional),JzKG_Upd49TVOneDmesELw,2,Monroe's Downtown,0.395098039,0.159624413
American (traditional),uMxfxbqT27XDeU9UTXeErg,161,Bootleggers Modern American Smokehouse,39.36568627,25.5399061
American (traditional),OE7RmfGvpvSEv4g3xDKfSw,128,Chelsea's Kitchen,31.27745098,20.27230047
American (traditional),5WQhLNpG6xZryVCla4gMRA,17,Fry's Food Store,4.071568627,2.55399061
American (traditional),aNuyJOFNrb-d71amzPpxlw,52,Twin Peaks,12.65,8.14084507
American (traditional),K-FzqJUj6YpSLC_fyJRnlA,5,Coco's Family Restaurant,1.130392157,0.638497653
American (traditional),-1bOb2izeJBZjHC7NWxiPA,68,First Watch,16.57156863,10.69483568
American (traditional),__etvGuL2dh_a1LOT0gNYQ,38,Big Guy's Sports Grill,9.218627451,5.906103286
Italian,r3r_bAfa6pZKIhQB82FizQ,102,PastaBAR,14.11989652,16.12206573
Italian,kxDGexkbP30fBvxVI0CzFQ,80,Stumpys Pizza,11.01547507,12.61032864
Italian,p1sX2UVxEjPzd92LtP3c4g,43,Angie & Jimmie's Italian Pizza,5.794402634,6.704225352
Italian,DIYHTgM-YGKWOWLzQ4XVhA,24,Michelina's Ristorante Costa Campagnia,3.113311383,3.671361502
Italian,IZxdigPOncvAcqrFWB9wpQ,4,Trattoria Bianco,0.291110066,0.478873239
Italian,M_Aocl2RmEMCt-oO_wB1zA,3,Papa John's Pizza,0.15,0.319248826
Italian,VpW40mznMS43CqdbelX2wA,183,Giuseppe's On 28th,25.54981185,29.05164319
Italian,Cse5FvYuACIxljwaac2SZg,37,Cave & Ives,4.947742239,5.746478873
Italian,Fb5ZL4VkO2Yfx-bNJexAkg,103,Oregano's Pizza Bistro,14.26100659,16.28169014
Italian,OIBrslaVxFxaaGUsYFUujg,34,Olive Garden Italian Restaurant,4.524412041,5.267605634
Italian,hnOGdF42m6Cwuuh5iuaXbA,44,Romano's Macaroni Grill,5.9355127,6.863849765
Italian,9beCQ1vPk4cFSJp8Sb5-8Q,109,Cafepino,15.10766698,17.23943662
Italian,C7utE_DN2kgE-68_VF8ftw,17,Ristorante Tuscany,2.125540922,2.55399061
Italian,QFHqziOcSXsZTQ4QGIqmtQ,5,That Italian Place,0.432220132,0.638497653
Italian,i0sMoNwiNAo1--AsZJ3Nlw,23,DiVito's Pizzeria And Italian Restaurant,2.972201317,3.511737089
Italian,hIe65VALe8rxseYECVj08w,18,Streets of New York,2.266650988,2.713615023
Italian,3FhHnU7Mq8KcyWiWKH0RzA,18,Streets of New York,2.266650988,2.713615023
Italian,93fEJZYc3B-jOMaXce7G5A,72,Fired Pie,9.886594544,11.33333333
Italian,lM3q1N0lpxStCLYMCoqGhw,8,Carmella's Italian Kitchen and Bar,0.855550329,1.117370892
Italian,CSoURupWEyuyzkjMOExKPg,233,North Italia,32.60531515,37.03286385
Italian,kF8JDYpLnbf8AZS9gpHXJg,25,Joey's California Bistro,3.254421449,3.830985915
Italian,ZAgPh4v-oOb1g6cdlkKI0g,9,Phoenix House Of Pizza And Subs,0.996660395,1.276995305
Italian,RYZ08XAToBaN-bS5HHVEhQ,74,Nellos Pizza,10.16881468,11.65258216
Italian,lQ22GkzG0tIJRbzkpMbJxw,3,Pronto Pizza,0.15,0.319248826
Italian,QkyN2vqQidQhotvOtPIrkw,122,Humble Pie,16.94209784,19.31455399
Italian,cN4gmlntyQ-maTW4PdT-Kw,17,Streets of New York,2.125540922,2.55399061
Italian,D7d-X4fLvVIdsCDFGpqzmg,76,My Pie,10.45103481,11.97183099
Italian,If2DUhmWIvlu2JFc_rR-Bw,16,Papa Christo's,1.984430856,2.394366197
Italian,EQTdq1SJuU6bjC3myEfDWg,14,Barro's Pizza,1.702210724,2.075117371
Italian,uYj2NO1HZRNiD-de_pSdJA,61,Amano Pizza Bistro,8.334383819,9.577464789
Italian,VVeogjZya58oiTxK7qUjAQ,1066,Pizzeria Bianco,150.15,170
Italian,PwtYeGu-19v9bU4nbP9UbA,32,Calabria Italian Kitchen,4.24219191,4.948356808
Italian,gJmBto8IXwSBT4HTcL7cDw,16,Sano Brick Pizza,1.984430856,2.394366197
Italian,ImVx220_Pcp2iB5uworODw,58,Vincent's,7.911053622,9.098591549
Italian,9c8Q6sAWAL1MCRzJ7INQkg,8,Villa Italia Ristoranti,0.855550329,1.117370892
Italian,IuYs9ys6bwhK-s2_sUKsbQ,18,CiCi's Pizza,2.266650988,2.713615023
Italian,NNGJQF3WeIHzGzweCpZ-VA,91,La Piccola Cucina,12.56768579,14.36619718
Italian,PEHJjxdw11TGFma9Zhz3ng,75,Red Devil,10.30992474,11.81220657
Italian,k8JnZBspVOI8kLcQek-Chw,155,Mamma Mia Brick Oven Pizza & Pasta,21.59873001,24.58215962
Italian,GvwDppcJLm9lso9iS2hSIw,62,Pat's Pizza Plus,8.475493885,9.737089202
Italian,u5o4H8h0sIVhqa8Lcusi5g,57,Fatso's Pizza,7.769943556,8.938967136
Italian,hVDo35_OySCeFWYLFKM7WQ,8,Palermos Pizza,0.855550329,1.117370892
Italian,6TIaz7MG6qjX6ZaQe9cG2w,49,FIRED PIE,6.641063029,7.661971831
Italian,5BnsHDWrt2z-9d8AzSgkjw,72,Nick's,9.886594544,11.33333333
Italian,UexMw8s7B1J-RtFOQtCCsQ,41,Romano's Macaroni Grill,5.512182502,6.384976526
Italian,JvJjaTJCyUGu5SDpoJWvZg,9,Meatballz,0.996660395,1.276995305
Italian,QiBNnRkMZ5chmo_9eOzv5A,5,Picazzo's Organic Italian Kitchen,0.432220132,0.638497653
Italian,D_xWWPRdpZCC3XVJ61pSGg,35,The Skinny Italian Kitchen,4.665522107,5.427230047
Italian,MEraJIKYztC7IOzYwMe86g,14,Raimondo's,1.702210724,2.075117371
Italian,QdYrBxT8OV8qd7aENoBlsg,33,Isa's Pizza,4.383301976,5.107981221
Italian,yuS1qDTkido8zUFrfj8O0g,5,Cafe Roma,0.432220132,0.638497653
Italian,hqVbmZNLTdR2y7G7oJu9vg,77,Tutti Santi by Nina,10.59214487,12.1314554
Italian,eFA9dqXT5EA_TrMgbo03QQ,60,Crust Pizzeria & Ristorante,8.193273754,9.417840376
Italian,ILm0LCXrDGs_5aGa83dgfQ,23,Olive Garden Italian Restaurant,2.972201317,3.511737089
Italian,DcrM4hwDcU2G6vuh2cnaYQ,272,noca,38.10860771,43.25821596
Italian,C6lM880c3gEdk_9ZjtKYWA,12,Sam's Chicago Style Pizza & Wings,1.419990593,1.755868545
Italian,hgb1RihLYRSpFBjBhn8rZw,49,Bell' Italia Pizzeria,6.641063029,7.661971831
Italian,n-XTO7I2o2h06o-vyjtYfg,47,Raffaele's Pizza,6.358842897,7.342723005
Italian,3n9mSKySEv3G03YjcU-YOQ,512,Postino Central,71.97502352,81.56807512
Italian,OkXpdUozVS3vjSRtCoSIvw,8,Fusilli's,0.855550329,1.117370892
Italian,TqHTtjPANCBKGsjGBjDoQQ,106,NYPD Pizza,14.68433678,16.76056338
Italian,X3NvTA98paIkjT4-bcXpLA,4,Affinito's Bistro,0.291110066,0.478873239
Italian,4SEaQmnUIpqZXPyCmHZc1A,104,Nook,14.40211665,16.44131455
Italian,Xk3inJcuBGLhavUcdlINZA,161,Crudo,22.4453904,25.5399061
Italian,s0klhdxcAab0yEWw2Uuimw,52,Tomaso's,7.064393227,8.14084507
Italian,V3lQtk1LgwAEcF9j-BzchA,60,Famous Ray's Pizza,8.193273754,9.417840376
Italian,#NAME?,308,Pane Bianco,43.18857008,49.00469484
Italian,M4KIUu3-lAvD1xeWue7_OA,3,Jerry Tucci's Brick Oven Pizzeria,0.15,0.319248826
Italian,3yMneVFhBePIBtCGdboc7Q,41,Sardella's Pizza & Wings,5.512182502,6.384976526
Italian,ZRJwVLyzEJq1VAihDhYiow,139,Spinato's Pizzeria,19.34096896,22.02816901
Italian,3Zsjlum5kl5N5KV712aTMQ,149,Different Pointe of View,20.75206961,23.62441315
Italian,JN2qXIuDXnV2d8WnSqd28A,42,Streets of New York,5.653292568,6.544600939
Italian,ML1RJdeZ7bbfMrHvJ7m99A,222,Oregano's Pizza Bistro,31.05310442,35.27699531
Italian,le-4m9rKxHVPB2l8GWLYcw,33,Caffe Daniel,4.383301976,5.107981221
Italian,AkOruz5CrCxUmXe1p_WoRg,423,Cherryblossom Noodle Cafe,59.41622766,67.36150235
Italian,U_CvxSM9epIi8u5A0jOUVw,27,Barro's Pizza,3.53664158,4.150234742
Italian,e3izESeW0BUx0s96FdSLag,108,Va Bene,14.96655691,17.07981221
Italian,Zruvunhqw7cuyuoe7g09Gw,75,Picazzo's Organic Italian Kitchen,10.30992474,11.81220657
Italian,Lbue8gqRiBPEnA7g7H1qdw,131,Humble Pie,18.21208843,20.75117371
Italian,rqKvfrvfsM_TQMv4IP1YVw,14,Barro's Pizza,1.702210724,2.075117371
Italian,z_IfC-aIkKpuhGfX1yzdfg,55,Alexi's Grill,7.487723424,8.61971831
Italian,zwJX3eetOhpi-gv4-E4rcQ,4,Pizza Hut,0.291110066,0.478873239
Italian,FRiT2RI6Y1nds1jjZqvnXQ,49,Sauce - Pizza & Wine,6.641063029,7.661971831
Italian,Pg8OPh1D2ws0xO-I-8ppoA,186,Upper Crust Pizza,25.97314205,29.53051643
Italian,E0Gi93pSbrJVnQcV8JE8RQ,5,Red Tomato,0.432220132,0.638497653
Italian,nytd8aC5Y9et_iMCuas-vg,8,Streets of New York,0.855550329,1.117370892
Italian,MPmSoEd46WXqhN-5rw7Yqw,17,Amante Pizza and Pasta,2.125540922,2.55399061
Italian,Fa-zUFfIMIke1QLeeWT_6g,7,Tony Pizzeria Italian Restaurant,0.714440263,0.957746479
Italian,VK9AdK8hjxIWU3C2W9_k0w,4,Pasta Pomodoro,0.291110066,0.478873239
Italian,vvA3fbps4F9nGlAEYKk_sA,73,Avanti,10.02770461,11.49295775
Italian,zyvujnBGGpG3WWiDPkil9w,52,Spinato's Pizza,7.064393227,8.14084507
Italian,RE_avyJUm52qCTRAA2CbkQ,20,Le Ragazze,2.548871119,3.03286385
Italian,o4sPw8nO7GcNyKilWBgK_Q,40,Olive Garden Italian Restaurant,5.371072437,6.225352113
Italian,RGDyf8-PyzyS9Lzs9bkvgA,114,Babbo Italian Eatery,15.81321731,18.03755869
Italian,EpascFEAih49O5Un4f2AFw,16,Meatballz,1.984430856,2.394366197
Italian,SDwYQ6eSu1htn8vHWv128g,797,Postino Arcadia,112.1913923,127.0610329
Italian,pF7uRzygyZsltbmVpjIyvw,152,Spinato's Pizza,21.17539981,24.10328638
Italian,m9haUi2_1lHR2eAKBhKwDg,315,Federal Pizza,44.17634055,50.12206573
Italian,PAtgWCLCFRQd_fjnihISOg,44,L'amore,5.9355127,6.863849765
Italian,qFfEUJUIqfIYARCOF9Hgig,61,La Piazza Locale,8.334383819,9.577464789
Italian,J2LGgGy1b1V8e7yjDI_u7w,27,Olive Garden Italian Restaurant,3.53664158,4.150234742
Italian,pwpl-rxwNRQdgqFz_-qMPg,591,The Parlor,83.12271872,94.17840376
Italian,dmyytmVobrPfPO6IrKbjuQ,4,Gretalian,0.291110066,0.478873239
Italian,lTk4l6YgxNXNaMCD9mcD6Q,15,Vincent's Famous Pizza & Restaurant,1.84332079,2.234741784
Italian,VtHKaOSOPhZqDGf85X1oiw,13,Pasta and Sugo,1.561100659,1.915492958
Italian,udmb-UuD3xoueQ55INQFRw,47,Rosati's Pizza,6.358842897,7.342723005
Italian,umyo8MPjiZiDXHtvyaOi6g,52,Arrivederci Trattoria,7.064393227,8.14084507
Italian,0gQrhOYWdO0XVZEKtOrvaA,54,Red Devil,7.346613358,8.460093897
Italian,7CTf4W-KT4h6uA_zpGZp2Q,136,Central Bistro,18.91763876,21.54929577
Italian,ssSeK9MYRCUjoabppekwoA,39,Focaccia Fiorentina,5.229962371,6.0657277
Italian,V1nEpIRmEa1768oj_tuxeQ,882,Cibo,124.1857479,140.629108
Italian,tDbXsDOecrv46J7YR2-FNw,5,Meatballz,0.432220132,0.638497653
Italian,S3FhtwXuiGMlGdBNtmiiSQ,50,Ruffino Italian Cuisine,6.782173095,7.821596244
Italian,FHA2j4ESBkgGe3NvOql4qQ,28,Barro's Pizza,3.677751646,4.309859155
Italian,vfLog2bLJGl6hAFtGtr0GQ,103,The Strand,14.26100659,16.28169014
Italian,MPziC5MO2QQiYVAMM3fdSw,51,La Fontanella Restaurant,6.923283161,7.981220657
Italian,VWcaFOSFcDwmFquycBzFyQ,18,Frank's Pizza & Wings,2.266650988,2.713615023
Italian,lF1917cvbCzQX7BcUvlooA,19,Uncle Tony's Pizza,2.407761054,2.873239437
Italian,UI5ghIUeHYxzwSfaDVUXOA,109,Aiello's,15.10766698,17.23943662
Italian,dKtbrGgg5fbl8MibhilP2A,119,La Grande Orange,16.51876764,18.83568075
Italian,b1aTHVkqCa4kZITbu9khtA,101,Harley's Italian Bistro,13.97878645,15.96244131
Italian,podj1OWSL3oEJsOpGj8SUw,107,Pino's Pizza Al Centro,14.82544685,16.92018779
Italian,unPzS1QJJctlZyLGFSk_HA,12,Tony's Italian Delicatessen,1.419990593,1.755868545
Italian,zSEknIqmkGL1pQt-ApEeoQ,32,Aiello's Salumeria,4.24219191,4.948356808
Italian,2J1DtN7FjGICQcgRei3jKA,14,Peter Piper Pizza,1.702210724,2.075117371
Italian,_RkvdDlzEFSRnGMrTRkVYA,15,Romano's Macaroni Grill,1.84332079,2.234741784
Italian,xqO1fp2zuxeeYjPeGP2Eaw,15,Brad's Place,1.84332079,2.234741784
Italian,vFtMSgQsd3Fwt3U7UJf5dQ,11,Rkidds Pizza & Wings,1.278880527,1.596244131
Italian,Tk2dSL0TwQeI_zNJmb442A,87,Luke's of Chicago's,12.00324553,13.72769953
Italian,rrWhi2TL0smrbihvavZxcg,148,Times Square Pizzeria,20.61095955,23.46478873
Italian,YBVQik4ySvAlvxobuFcXDA,11,Streets of New York,1.278880527,1.596244131
Italian,v6zRA0WqOODJjmpvstrpGQ,26,Neapolitan Wood Fired Italian,3.395531515,3.990610329
Italian,XkNQVTkCEzBrq7OlRHI11Q,210,Pizza a Metro,29.35978363,33.36150235
Italian,5ErKAS0rHOfU33CYjDh2Aw,40,Pizza by Napoli,5.371072437,6.225352113
Italian,mFBBtUrWMqikBS-Jn-RiIw,100,SOLO Trattoria,13.83767639,15.8028169
Italian,Jg3COi2_fHG7urLHTKvP1g,7,That's Italiano,0.714440263,0.957746479
Italian,jMzuQy104M0KU6uhdffsaQ,26,Streets of New York,3.395531515,3.990610329
Italian,jq_YnMQjcArdBWuwRospFg,45,Salute Ristorante Italiano,6.076622766,7.023474178
Italian,dsMvINhoQbIQgSRTBv2B6g,85,Caffe Boa Ahwatukee,11.7210254,13.4084507
Italian,DlCtdbceo4YNSI53cCL2lg,166,The Old Spaghetti Factory,23.15094073,26.33802817
Italian,YldXB1hRpnE1CWLF3mvgpQ,145,Spinato's Pizza,20.18762935,22.98591549
Italian,6j4hcNnLcDSWBwAdCi1mMQ,5,Cafe La Bella,0.432220132,0.638497653
Italian,QSCeI8HdUluG-YmbDWo-fw,17,Streets of New York,2.125540922,2.55399061
Italian,4iRPMiDQQWFA0IS8lWce0Q,4,The Italian Spoon,0.291110066,0.478873239
Italian,EfmR4e1tmjC5_ZQOgfnYrg,88,Roma Garden Ristorante,12.1443556,13.88732394
Italian,auorqdHiATGZHVd-sd79ZQ,118,Pizza Heaven Bistro,16.37765757,18.67605634
Italian,rGHktXbee4CErLsMrPqbrA,17,Streets of New York,2.125540922,2.55399061
Italian,xr2szu7jYIWbj4tlKef61w,36,Pezzano's Pizza,4.806632173,5.58685446
Italian,YxT-QYCAfg_jaS0g6Xx0Bw,32,Cafe Roma,4.24219191,4.948356808
Italian,lHKS896yFkmAuWyFnbNP3A,15,King Solomon's Pizza,1.84332079,2.234741784
Italian,3CSaqRNvYg7ZdN2zwxwzVw,50,Christos Ristorante,6.782173095,7.821596244
Italian,BPi1Q5wX0_o5VlO_XRyYuQ,177,Pizzeria Bianco,24.70315146,28.09389671
Italian,oinZM9-d2n5NvGuxvatDWA,14,Ray's Pizza,1.702210724,2.075117371
Italian,0AZiq_OMKs3I9lTmwd5PSg,37,Tommy V's Osteria and Pizzeria,4.947742239,5.746478873
Italian,N_n2jyCfpon3NzKERYT02Q,30,Pizza People Food Truck,3.959971778,4.629107981
Italian,t-uJbFctqW2eGtlAIAI60g,76,Gasper's Casual Italian Dining and Pizzeria,10.45103481,11.97183099
Italian,IpqgfODLFPww-6TxCk-LJQ,5,Daniel's Italian Cuisine,0.432220132,0.638497653
Italian,i0W4TZcoRbOYeRfDfQEX8g,34,Rinaldi's Italian Deli,4.524412041,5.267605634
Italian,HAMKYsgtJ6fEBUZzTMhZwA,31,Barro's Pizza,4.101081844,4.788732394
Italian,ubfD6-I73lP00v0fkx-keQ,75,Anzios Italian Restaurant,10.30992474,11.81220657
Italian,e34tIpveepWkpvOuv_boqw,168,Centurion,23.43316087,26.657277
Italian,igD5We_87JFrtaaR7bh_Xg,54,Belfiore's Italian Ristorante,7.346613358,8.460093897
Italian,3Y4Bd9eWVMsgejx2bP3MVw,35,Spasso Pizza & Mozzarella Bar,4.665522107,5.427230047
Italian,fWjyVcu7IP3hl6u5VG2RQw,4,Carmine's Little Italy Pizza & Pasta,0.291110066,0.478873239
Italian,dG7KLQ1a584wI5jSADIPIg,60,Florencia Pizza Bistro,8.193273754,9.417840376
Italian,1xu5wFd0TeBg6xNBiRtknw,18,Dolce Espresso Video Coffee Bar,2.266650988,2.713615023
Italian,lBxBzvqWaiO4pa3YHh2dyQ,22,Our Family's Bistro,2.831091251,3.352112676
Italian,bDSqqGGzbglvJ0HkIW5j4Q,11,Miami Cafe,1.278880527,1.596244131
Italian,w5XcgWwGAN21Ly2HeU48IQ,60,Sauce Pizza & WIne,8.193273754,9.417840376
Italian,5_Il_eOuwOMMoiT8jGBxyQ,63,Il Posto,8.616603951,9.896713615
Italian,R7SVavAsjzN3wy825PiOEg,4,Papa John's Pizza,0.291110066,0.478873239
Italian,wCi6nBXnXf5PAHqJZP9dqA,28,Fiorella's,3.677751646,4.309859155
Italian,R2FuwuSjmyvzNWNfqzKUvw,67,Sauce,9.181044214,10.53521127
Italian,TLNP-IQrHw1PGu3w_qbhuA,4,Zella's Pizza And Cheesesteaks,0.291110066,0.478873239
Italian,XfVGU6WGZKc867spn2TImw,208,Pomo Pizzeria Napoletana,29.0775635,33.04225352
Italian,O4E5IXT6zVJ3VpbYHqxRug,10,Pizza Mia,1.137770461,1.436619718
Mexican,_nypuc5Ke462rFWKoZ_bDw,3,El Nuevo Taquito,0.573131171,0.319248826
Mexican,Hn7f_Gh5ffvns_7nU4Wqxg,25,Tortas el Rey,5.227574048,3.830985915
Mexican,aXRtJioBYidoHdS2GTTKhA,74,Fuego CityScape,15.59428773,11.65258216
Mexican,_Nx8hwTmjR_x62Byjav0Ew,7,La Olmeca Restaurant,1.419393512,0.957746479
Mexican,lRzoAhDhcyCeOGrWntXqsw,6,Julioberto's,1.207827927,0.798122066
Mexican,wdEnI9WTLHiqSCH1RdJ40w,14,Los Armandos,2.900352609,2.075117371
Mexican,s_rPbgLOpWDgulVn9wd7GQ,5,Chuy's Mesquite Broiler,0.996262341,0.638497653
Mexican,dnhQaZ4wpLPwSfCleCILTg,9,Carte Blanche Gourmet Taco,1.842524683,1.276995305
Mexican,oiLe3lqMFaZtsSpRuIUChw,72,Las Glorias Grill,15.17115656,11.33333333
Mexican,SAIgLz6EI7vJ9AkxjvpIeg,3,Tacos La Lomita,0.573131171,0.319248826
Mexican,oEjdNvlluW5_Ng9kewJFBg,8,Chevys Fresh Mex Restaurant,1.630959097,1.117370892
Mexican,YD0oiqWZyAi-lMw3TQ2TqA,3,Tortas Paquime,0.573131171,0.319248826
Mexican,v3_CQRKezq3JdX-xxWambA,7,Pancho Taqueria,1.419393512,0.957746479
Mexican,OT0gFIAr_c-d3i-IQ6TZQg,16,Baja Fresh Mexican Grill,3.32348378,2.394366197
Mexican,rAb_wfdKKPPbcIysjYcW4A,3,Pozoleria Guerrero,0.573131171,0.319248826
Mexican,IdnYOlL9aDfMu_S2kcaUkQ,139,Richardson's,29.34605078,22.02816901
Mexican,eP2WTbTQDCLj6FPNd6Il5Q,8,Taco Del Mar,1.630959097,1.117370892
Mexican,XIeteOw2pKgLiOP6_VzWzA,11,La Oaxaquena Mexican Restaurant,2.265655853,1.596244131
Mexican,wRYdSL-AI47fPW78Bh4Hww,4,Fiesta Grill,0.784696756,0.478873239
Mexican,4XJ8gO6cbS6PuZ9dzPsrBg,2,Taco Bell,0.361565585,0.159624413
Mexican,8nk--14Irg9PtpQLWg4peg,11,La Canasta,2.265655853,1.596244131
Mexican,1kMR_HUA8i-wYOJFZfLhBA,6,32nd Cafe,1.207827927,0.798122066
Mexican,ib-y5nsfn3unE0lLY1vfAw,111,Arriba Mexican Grill,23.42221439,17.55868545
Mexican,#NAME?,21,Tediberto's,4.381311707,3.192488263
Mexican,t0HV1S6uhBxLB5IyZC5hMQ,9,La Cocina Economica,1.842524683,1.276995305
Mexican,HbzAtY5PD6rMifst65PzQg,3,On The Border Mexican Grill & Cantina,0.573131171,0.319248826
Mexican,7_y_M5wRaSvNXt-q4xvlEQ,28,La Canasta Capitolio,5.862270804,4.309859155
Mexican,4BcuZj2ETMxUs48PLPwKxQ,3,Hal O. Peno's Mexican Cafe,0.573131171,0.319248826
Mexican,JobP0ghILdh8S8l-LhHHxQ,18,Armando's Mexican Food,3.746614951,2.713615023
Mexican,zAoFrUwRVdSrvYWNB5e5Jw,45,Taberna Del Tequileria,9.458885755,7.023474178
Mexican,eHC_xNrT1SkJyC2oncJlhw,101,Asi Es La Vida,21.30655853,15.96244131
Mexican,WxpCYziMlEy8mrEa_VcB1w,51,La Parrilla Suiza,10.72827927,7.981220657
Mexican,24OmQWFTnbfGv-e8GyEMAw,106,Z'Tejas Grill,22.36438646,16.76056338
Mexican,VudqspJ-zQIlYRBTANgdzQ,5,Taco Bell,0.996262341,0.638497653
Mexican,ccC2ecxVEOF4t_kKce6f8Q,9,El Pollo Loco,1.842524683,1.276995305
Mexican,dKNLqQWUoWkEp0nF0Y8GYA,15,El Portal,3.111918195,2.234741784
Mexican,lHFsO4nIwwgjC_oQYqfAPg,7,Ramiro's Mexican Food,1.419393512,0.957746479
Mexican,1NZLxU5WvB5roPFzneAlLw,488,Barrio Café,103.1824401,77.7370892
Mexican,WzhHlaEyaHE4KIFfcqC_9g,16,Filiberto's Mexican Food Restaurant,3.32348378,2.394366197
Mexican,fE0zuDxZrJlQ7H91eY6UYA,28,Chipotle Mexican Grill,5.862270804,4.309859155
Mexican,#NAME?,27,Popo's Fiesta Del Sol,5.650705219,4.150234742
Mexican,Dcs_jLOlNXd96LarVInFgg,12,Federico's Mexican Food,2.477221439,1.755868545
Mexican,ieYiA4L5gk7S3kZYK0l_dg,79,Carlos O'Brien's,16.65211566,12.45070423
Mexican,Wxt6FGF4vxsnKYksMZRoiA,20,Los Alamos Mexican Food,4.169746121,3.03286385
Mexican,rkzTvFSQoylgVc2oYohuDg,3,Santanas Mexican Food,0.573131171,0.319248826
Mexican,YaB2hKgWUaqAWnCA6YWD7g,5,El Pollo Loco,0.996262341,0.638497653
Mexican,hWhVP-28LYP3llaMlAJ_JA,109,Rosita's Place,22.99908322,17.23943662
Mexican,LE-1ZOsjpPh7p95H2l5Fww,24,Federicos Mexican Food,5.016008463,3.671361502
Mexican,SbieCdRBz33V_Hl0sU8HFg,4,Filiberto's Mexican Rest,0.784696756,0.478873239
Mexican,FG7Js2aMD6NtMMRI0C8Arw,15,Rubio's Fresh Mexican Grill,3.111918195,2.234741784
Mexican,X0BsBdPGAyo9gLPIRJ9PFw,18,La Salsita's Mexican Food,3.746614951,2.713615023
Mexican,T6dbW2UuWTKar_22zbbiUw,23,Polibertos,4.804442877,3.511737089
Mexican,r2S4arkHyRcUroRhggMIoA,125,Revo Burrito,26.38413258,19.79342723
Mexican,LQGQ1w4pYrf5in6LrU0BlQ,80,La Piñata,16.86368124,12.61032864
Mexican,wiNH-zH233_zQXKLMVlqeQ,3,Del Taco,0.573131171,0.319248826
Mexican,BbasiqJzUlZtldb0r7RvBQ,3,Romero's Mexican Food,0.573131171,0.319248826
Mexican,5UBAWhxukaPrc_0DalT-3w,6,Taco Bell,1.207827927,0.798122066
Mexican,iOITnizWLD3NlKxRtZd5AA,24,Rubio's Fresh Mexican Grill,5.016008463,3.671361502
Mexican,8s392ZpX8dfO5Ol2RdQISQ,6,El Pollo Loco,1.207827927,0.798122066
Mexican,FgAkF7fscCV4TmBitdsbLw,5,La Canasta,0.996262341,0.638497653
Mexican,glalhJa7wFWPIoJLBvKGfQ,78,The Original Garcia's,16.44055007,12.29107981
Mexican,I9klG3s-47t3zVLGoMkYOA,5,Filiberto's,0.996262341,0.638497653
Mexican,Q2FaJ3zB6ZuGgvqUqhdc_w,116,Milagro Grill,24.48004231,18.35680751
Mexican,5EWVJZd9cSAMwkrwgOFd6Q,7,El Gran Taco,1.419393512,0.957746479
Mexican,K9fIADfO_zKFPFm75A1Hxw,7,Taco Bell,1.419393512,0.957746479
Mexican,d2jNFmvjq-bi8MAd9dBzCw,3,Filiberto's,0.573131171,0.319248826
Mexican,ZRqpSeZEw6sy8r01TdCudQ,2,Salsas Y Sombreros,0.361565585,0.159624413
Mexican,ZQdSGPdEGXPbCWrmJSNm-Q,4,Oaxaca Restaurant,0.784696756,0.478873239
Mexican,DlLduXXSwjkm7OL4Z1iH1A,14,Federicos Mexican Food,2.900352609,2.075117371
Mexican,UNFcMOWOsr9ilM6lqXIC6w,12,Del Taco,2.477221439,1.755868545
Mexican,6YH9ezAC31gbpnT3bnZAsQ,14,La 15 Y Salsas,2.900352609,2.075117371
Mexican,2Yn5IgbAOtc7_bT0g47bQA,5,Taco Bell,0.996262341,0.638497653
Mexican,E3RjJH45EX6rHYDs0TYSRA,126,Valle Luna,26.59569817,19.95305164
Mexican,zp713qNhx8d9KCJJnrw1xA,419,La Santisima Gourmet Taco Shop,88.58441467,66.72300469
Mexican,mNjLNTOXSckssvYNn-ZFjg,5,Ramiro's Mexican Food,0.996262341,0.638497653
Mexican,j6VY9UwaQCiEWfQtNyEouQ,5,Panaderia Y Tortilleria,0.996262341,0.638497653
Mexican,WnJ9xlxdJwMti7blz4d45w,20,CC'S Mesquite Broiler,4.169746121,3.03286385
Mexican,#NAME?,3,Pollo Correteado Restuarant El,0.573131171,0.319248826
Mexican,1cGZU2gDewDfEu-bBMZEgQ,16,Los Betos Mexican Food,3.32348378,2.394366197
Mexican,2rMf09C5uXzF2qIlD5F5BA,93,Secreto,19.61403385,14.68544601
Mexican,gw-V13MyfzFaCTbALfnn2Q,21,El Mesquite Restaurant,4.381311707,3.192488263
Mexican,SmX_sTfTI4Hhyj8Rbf9teg,20,Los Burritos,4.169746121,3.03286385
Mexican,50dKrWfqdotEddX-mCzypA,3,Taco Bell,0.573131171,0.319248826
Mexican,RGFKaBRV_HO-ZJb_euKdhQ,5,El Chiltepin Mexican Food,0.996262341,0.638497653
Mexican,g1BQtMfpjrQCVGPWogvjow,40,Rita's Mexican Food,8.401057828,6.225352113
Mexican,X84kGyCyBbPDhIb_l-N3xw,3,Angelinas Mexican Food,0.573131171,0.319248826
Mexican,oyzxIqrtzu-8sWlPhJVsLw,192,Carolina's,40.5590268,30.48826291
Mexican,KGX7O-_WqOIy9o7u9NOa9A,143,Sonora Mesquite Grill,30.19231312,22.66666667
Mexican,8dlyEiypNYB0sVfdzQll3A,27,Tacos Sahuayo,5.650705219,4.150234742
Mexican,neGAQFkBNI8-rpPBLBzNkw,6,Taco Bell,1.207827927,0.798122066
Mexican,CjFaf6r6iP1xcKcChKDgKA,1,Baja Fresh,0.15,0
Mexican,bzQPFOLLxuwx7K7dw8j7Zw,123,Cafe Los Dos Y Cantina,25.96100141,19.4741784
Mexican,JkxRvYg5hR1YsulxJhNNzg,4,Tacos La Lomita,0.784696756,0.478873239
Mexican,JqAI4UA2xXPYxvlhzG-i9A,8,Eribertos Mexican Food,1.630959097,1.117370892
Mexican,Ho1cBoj4aB7U0zJ4cAWHbA,3,La Sonorense Tortilla Factory,0.573131171,0.319248826
Mexican,XcwbN5fDlyl8qCttcdDGKA,12,Rolberto's,2.477221439,1.755868545
Mexican,3msnZ6oe0sslHsE1js1QUA,12,Baja Fresh Mexican Grill,2.477221439,1.755868545
Mexican,EX5QAAciXEwOQ1xnFlVLAA,4,Taco Bell,0.784696756,0.478873239
Mexican,CqRoozwTWAz4ufcsiJBRSw,13,Filiberto's,2.688787024,1.915492958
Mexican,0l9e2aBYZfogiSUyxJEL3Q,3,Manuel's Mexican Restaurant & Cantina,0.573131171,0.319248826
Mexican,pw80n0Tcq_PQSpVMmzfgeA,3,La Tradicion Restaurant,0.573131171,0.319248826
Mexican,fr_wn6YvyO3bJ5U4utetBw,5,Federico's Mexican Food,0.996262341,0.638497653
Mexican,lQSMn_SAIy5aBEKkqRtVYw,17,Baja Loco Mesquite Grill & Cantina,3.535049365,2.55399061
Mexican,rO3saNBRU2Pg16RyfEP6-g,141,Otro Cafe,29.76918195,22.34741784
Mexican,6S3zqOG3NyYTc8r6LwvM7g,20,Burrito Bandito,4.169746121,3.03286385
Mexican,KXvkoGg5Od9Iwk4LMBFJ4w,20,Federico's Mexican Food,4.169746121,3.03286385
Mexican,-b_VjHZmA7-8LVWp6z36VA,23,Mim's Burger & Mexican Food,4.804442877,3.511737089
Mexican,UCEAhciqe8avW1N-bWJ32g,120,Los Taquitos,25.32630465,18.99530516
Mexican,HRTg-u2fBf_XzBSUgd6sqQ,3,Mariscos Ensenada,0.573131171,0.319248826
Mexican,EKVrH21lOIRrXdLf-Dt5RQ,63,Chipotle Mexican Grill,13.26706629,9.896713615
Mexican,axE3XDEO5VfY4OztDich4Q,8,Armando's Mexican Food,1.630959097,1.117370892
Mexican,gc-QI_gGpjYusuGzDub1lQ,7,Birrieria Obregon,1.419393512,0.957746479
Mexican,OllL0G9Kh_k1lx-2vrFDXQ,143,America's Taco Shop,30.19231312,22.66666667
Mexican,vA8T8QXh78iSXhxShLNgQA,50,Tradiciones,10.51671368,7.821596244
Mexican,srElnEXI8Qq7DpHquTI8HQ,24,Oaxaca Restaurante Y Cantina,5.016008463,3.671361502
Mexican,QJP-bRQvtGvShgs4AnvZKw,19,Armando's Mexican Food,3.958180536,2.873239437
Mexican,90GJDqPDCOO6FBcnYXEQJg,3,El Mana Restaurant,0.573131171,0.319248826
Mexican,ZaS6zYn_Pb3QrGRZJfNyzA,11,Del Taco,2.265655853,1.596244131
Mexican,6BXkb7kOhzk9cV7s09CkEQ,46,Plaza Bonita,9.67045134,7.183098592
Mexican,14NSxaXBNspIVnsrMYJZVw,94,Poncho's Mexican Food,19.82559944,14.84507042
Mexican,gCQuajbLB3hQQbipYpEtYQ,9,Chuy's Mesquite Broiler,1.842524683,1.276995305
Mexican,PCThdYd_AbJed9hGDzpyUQ,3,Taqueria Y Birrieria Jalisco,0.573131171,0.319248826
Mexican,wUrTYqp9fHLJ8AR4lMxHGQ,83,Blanco Tacos And Tequila,17.498378,13.08920188
Mexican,lmVcr5vBW8DJ7NT7xezynA,8,Del Taco,1.630959097,1.117370892
Mexican,UdEXv9VninWOB2iR0M-i7g,3,Pepe El Toro Mexican Food,0.573131171,0.319248826
Mexican,rDvz5jX65gpfONFu7er9Tw,290,Los Taquitos,61.29245416,46.1314554
Mexican,M_GnuvRXvWBl3YNxH-GYFg,16,Qdoba Mexican Grill,3.32348378,2.394366197
Mexican,RMzvWjF3K6GSnwBdRl-_ow,8,Rancho Papa Chulo's,1.630959097,1.117370892
Mexican,wqJ5dCAh2FGHEVtV1lGiEw,2,Torta Rica,0.361565585,0.159624413
Mexican,6Tt0mGKbMoAz1GsjkVhbMQ,110,The Original Burrito Co,23.2106488,17.39906103
Mexican,flMu0Tz5RsaMzr6K8kg1EA,6,Rolibertos Mexican Food,1.207827927,0.798122066
Mexican,BESmH-lmMm34_EefL8X9fQ,142,Comedor Guadalajara,29.98074753,22.50704225
Mexican,1B5vpxnZYXKil_k5d5MpEQ,7,Taco Bell,1.419393512,0.957746479
Mexican,0HDkCZtCvua-Wahio1-pBw,4,Two Hippies Groovy Beach House,0.784696756,0.478873239
Mexican,swdtXYtuCTyh-DMq9wV5Jg,13,Picosito Mexican Grill,2.688787024,1.915492958
Mexican,DXBPI8rR9f_IthOGPDWoIQ,28,Manuel's Mexican Restaurant,5.862270804,4.309859155
Mexican,sCa3a9H2Wz-HPL4NC8D3xA,3,Filibertos,0.573131171,0.319248826
Mexican,s87D-mtAuJ8BluKgYYsXGw,34,El Nopalito,7.131664316,5.267605634
Mexican,tNdb_01AHU3O1_ISE2Mf1w,8,Las Cazuelas Mexican Food Restaurant,1.630959097,1.117370892
Mexican,-j3BF7gOIi-1tAHoFA3WIw,16,La Parilla Villa Catering,3.32348378,2.394366197
Mexican,od49_DFUJY9louGx80My-A,23,Pancho's Mexican Buffet,4.804442877,3.511737089
Mexican,o3TruOSgOwNgx08QosuWTw,15,Julioberto's,3.111918195,2.234741784
Mexican,he_b4txorHTrKjH5DnnmdQ,7,Tortas El Güero,1.419393512,0.957746479
Mexican,4pBklPWQZSeuj5xynAEOYg,4,Los Portales,0.784696756,0.478873239
Mexican,_-9pMxBWtG_x8l4rHWBasg,81,Black Chile Mexican Grill,17.07524683,12.76995305
Mexican,tigIXsvKMb4xCiZP56oSPQ,11,Taqueria Guadalajara,2.265655853,1.596244131
Mexican,M69oTpIJPnKyXRgR-crF6w,2,Taqueria Yaqui,0.361565585,0.159624413
Mexican,oa8lhYj-mTKlL_amkJSu2Q,9,Mariscos Vuelve a La Vida,1.842524683,1.276995305
Mexican,7SoGPn8dvce7A1aHdBOGLA,11,Mariscos Acapulco,2.265655853,1.596244131
Mexican,yh01KxH3_IVI3zn3MV3N2A,5,Birria Estilo Michoacan,0.996262341,0.638497653
Mexican,OrF48GFHheuCie9cMYkldA,6,Amando's Bros,1.207827927,0.798122066
Mexican,qHjUo2foq-IXF6Tk1Iz3WQ,73,Carlos O'Briens,15.38272214,11.49295775
Mexican,Yon-x99Dvu6e-NSlCd8iaw,13,Mr Leno,2.688787024,1.915492958
Mexican,ShUDf64NVkwCe8izdUbYuw,8,Los Armandos Asadero Y Mariscos,1.630959097,1.117370892
Mexican,HRjDpeJOL02ZqwrYgtHV_A,5,Mercado Y Carniceria Sepulved A,0.996262341,0.638497653
Mexican,G--jKQu95BxPI5r3aTiYhg,2,Aya & Peilas,0.361565585,0.159624413
Mexican,dgARnB68TOefhXvfV4iRdA,18,Tacos Kissi,3.746614951,2.713615023
Mexican,d52zg-S0o940WUCK-nNiKw,292,Carolina's Mexican Food,61.71558533,46.45070423
Mexican,rIpOpzVNEBNZrRFu4n_JvQ,11,San Gabriel Mexican Café,2.265655853,1.596244131
Mexican,l8v1GHaB4CsryK6MioZ21A,8,Taco Bell,1.630959097,1.117370892
Mexican,0_3hrGrrP-J5eeHRwQfZ6w,32,Macayo's Mexican Kitchen,6.708533145,4.948356808
Mexican,kvRA6hu6FC51vBKY7Kp9GQ,42,Loco Patron,8.824188999,6.544600939
Mexican,FljU76i8DYJbNlpibaieGw,9,Mariscos Chihuahua,1.842524683,1.276995305
Mexican,PYfbYi0M_q8sTmVBaocyow,6,El Pollo Loco,1.207827927,0.798122066
Mexican,cne0A4qlWtahuzUSdzdalQ,8,Taco Mex,1.630959097,1.117370892
Mexican,GePBM2lae-fkAKHcfbXafA,5,Tacos Chava,0.996262341,0.638497653
Mexican,XMYZk-YPCIUvOXffzVw_1g,4,El Nuevo Taquito,0.784696756,0.478873239
Mexican,Cp6JGY5YIRncTV_My9nf9g,147,Mariscos Playa Hermosa,31.03857546,23.30516432
Mexican,xBCfrESSbroTjhVcRfG4NA,52,Mi Pueblo,10.93984485,8.14084507
Mexican,SaIX7eay0vV-FxGPqTk1yA,16,El Pollo Loco,3.32348378,2.394366197
Mexican,7Zo1DzdwZlGMxPu1AFMSsw,41,Bajio Mexican Grill,8.612623413,6.384976526
Mexican,8jo2gkJRkQFJsKm7g0EQ6Q,40,America's Taco Shop,8.401057828,6.225352113
Mexican,Np5XWa-SL9fpboELzJmemg,2,El Taco Feliz,0.361565585,0.159624413
Mexican,0hY0qoXHcI3czshcrZPpYg,6,Del Taco,1.207827927,0.798122066
Mexican,rr44srj5pxejML-W1Wx0IA,4,Taco Bell,0.784696756,0.478873239
Mexican,KVq-1WEJNKK2NqFC7nUoRg,29,Asadero Toro,6.073836389,4.469483568
Mexican,qlV4BAbAvnAEomGj2gudlQ,3,Chuy's Mesquite Broiler,0.573131171,0.319248826
Mexican,gA5CuBxF-0CnOpGnryWJdQ,8,La Paloma Mexican Food,1.630959097,1.117370892
Mexican,WEqppm3f_XWwUE58luAHNQ,4,filabertos,0.784696756,0.478873239
Mexican,X1jTnU6c9eloN2Bxs78uTg,21,Chipotle,4.381311707,3.192488263
Mexican,B8ujMtvvpHyEQ2r_QlAT2w,88,Richardson's Cuisine of New Mexico,18.55620592,13.88732394
Mexican,vz2zQQSjy-NnnKLZzjjoxA,107,Sylvia's La Canasta Mexican Restaurant,22.57595205,16.92018779
Mexican,oqZPXoenkQvAKQJ2pDCo0A,44,Julio G's Tatum,9.247320169,6.863849765
Mexican,AjE4uM-VaGP3QPCjSjIEaw,16,Rubio's Fresh Mexican Grill,3.32348378,2.394366197
Mexican,5CWKlH0uyOUF5EZIyewMXg,5,Chi Chi's Tacos,0.996262341,0.638497653
Mexican,fGZEYvCzqAiQEUYUMiq97g,5,Fresca's Mexican Grill,0.996262341,0.638497653
Mexican,85rx25T-XBIMpa6goTQS0g,6,Acapulco Mexican Grill,1.207827927,0.798122066
Mexican,vuTdngoxZdbJdbno8IK3Kw,23,Rolando's Mexican Food,4.804442877,3.511737089
Mexican,soiGohHtWOltGeomkSxzEw,190,Tee Pee Mexican Food,40.13589563,30.16901408
Mexican,2HHf0hiKtZm5nzt3irlaDA,39,Pepe's Taco Villa,8.189492243,6.0657277
Mexican,#NAME?,7,Susie's Mexican Cafe & Lounge,1.419393512,0.957746479
Mexican,Zx8_4zKdDBSO3qGrkukBIA,572,Chino Bandido,120.9539492,91.14553991
Mexican,3QtWG5sN3HJNBVKn_wHQEw,14,Oaxaca Sky Harbor,2.900352609,2.075117371
Mexican,E2BMYajnI3USNpABFdBn6Q,20,Macayo's Mexican Kitchen,4.169746121,3.03286385
Mexican,hkKvb6oXxn8ygoP5fFln1g,33,San Felipes Cantina,6.920098731,5.107981221
Mexican,qXyhCYV6cjojzy5rJKooMA,38,Luncha Libre Gourmet Food Truck,7.977926657,5.906103286
Mexican,v1aLzjTphPc6IGIy9k96vg,221,The Stand,46.69442877,35.11737089
Mexican,qw93CjlAZ6a4ff11Z-hF3Q,204,Crescent Ballroom,43.09781382,32.40375587
Mexican,I20sRbcEK8Ib1YFQFMoERg,41,El Norteño,8.612623413,6.384976526
Mexican,PzbEhqo8uz2D-3OchHIPzQ,31,Eribertos Mexican Food,6.49696756,4.788732394
Mexican,4zBdx_EZFaDFJ9MvqxYNeg,16,Gorditas El Tio,3.32348378,2.394366197
Mexican,apCfJVnRyaw6oVUBKujpUQ,127,La Tolteca Mexican Foods,26.80726375,20.11267606
Mexican,apEkYsUz31lI3tcJoC4HbA,30,Garcia's Mexican Restaurants,6.285401975,4.629107981
Mexican,mTc8M-drs2HSG8paNUTTQg,12,Julioberto's,2.477221439,1.755868545
Mexican,OPbWf_Dwzqda9sGVHQHtJw,3,Taco Bell,0.573131171,0.319248826
Mexican,nQUsMhT7qY6pPMvTT6xGcQ,178,Los Dos Molinos,37.5971086,28.25352113
Mexican,yN5MaHx7AGNhLMgUaQu0cA,14,Filiberto's Mexican Food,2.900352609,2.075117371
Mexican,7UTlEVHU5v2xBLdkGghyzQ,23,Chuy's Mesquite Broiler,4.804442877,3.511737089
Mexican,6Z6bvIHGpPlwpkZAwfXT1w,13,Mariscos Vuelve a La Vida,2.688787024,1.915492958
Mexican,BD74uSwDe175zEqfppDRvg,106,Valle Luna,22.36438646,16.76056338
Mexican,Xyrss3tjzUofEm-kZPus4A,46,Mi Familia Mexican Food,9.67045134,7.183098592
Mexican,fsxBliRs4rwxRXkZUVy62A,54,On The Border Mexican Grill & Cantina,11.36297602,8.460093897
Mexican,b5sP47L2NiBXqbsiOnR7cw,12,Mariscos Altata,2.477221439,1.755868545
Mexican,o2vKya6WSNcMNTxAcJsF1g,13,El Pacifico Restaurante Y Pescaderia,2.688787024,1.915492958
Mexican,9dn3AMdwvD2KXnTr6AJY1g,57,La Canasta Mexican Foods,11.99767278,8.938967136
Mexican,kIvIqHvvFOc6aCutFYIvNg,4,Taco Bell,0.784696756,0.478873239
Mexican,tyC0LaPJo3ct_0JEkTwZxw,11,Filiberto's Mexican Food,2.265655853,1.596244131
Mexican,ZShuQrMfLOmnUQbLP3dwpw,21,Los Compadres,4.381311707,3.192488263
Mexican,WCGU5Xn01lfNJG_LvEltzw,176,Taco Guild,37.17397743,27.9342723
Mexican,GGhyhajTNKm5yTxtAoaxIw,4,Kokopelli Mexican Grill,0.784696756,0.478873239
Mexican,DarcQlLpQOqMxi3tsdffNw,4,El Goloso Hot Dogs,0.784696756,0.478873239
Mexican,i3nnQl4pl2-ogZJdeSqWvA,5,Los Kikos,0.996262341,0.638497653
Mexican,_CIodPGuvPP2khYkDk1jKw,40,Taqueria Los Yaquis,8.401057828,6.225352113
Mexican,K2_Hmmo5crTYWiT_1sWnfQ,52,Chipotle Mexican Grill,10.93984485,8.14084507
Mexican,Z7ZxtGvUKiKThSfnaTj-pw,30,El Taco Tote,6.285401975,4.629107981
Mexican,Y293fHh5SZ0_9BZm4M6BCg,41,Matador Restaurant,8.612623413,6.384976526
Mexican,tvyOw9dBJ-ds5fEXMTjzfQ,23,Clarendon Kitchen + Bar C4,4.804442877,3.511737089
Mexican,Yl4wqDhNB-5TNURwQXoCFQ,5,Salsa Y Mas,0.996262341,0.638497653
Mexican,hZRLGfRrZTo9up2P-0aAHg,49,Verde,10.3051481,7.661971831
Mexican,dD2xiLM1_5Vg0pMvMIPZww,3,Baja Fresh Mexican Grill Mexican Grill,0.573131171,0.319248826
Mexican,aS2aNPE861FI4dRrz1Z7Ow,33,Sir Veza's Taco Garage,6.920098731,5.107981221
Mexican,__CQhr0M-OpKdu0DXgGcaQ,3,Sylvia's La Canasta,0.573131171,0.319248826
Mexican,K8GqMhhVvz8pqq9F7sE-Sg,14,Sinaloa,2.900352609,2.075117371
Mexican,pAHUC05ceak48e745i6G4g,207,Paradise Valley Burger Company,43.73251058,32.88262911
Mexican,PxUQyOAdK8c3P_WnrXuCUg,11,El Rinconcito Mexican Food,2.265655853,1.596244131
Mexican,P9z62hMP-QAGQt406dylpA,11,Two Hippies Beach House - Bell Road,2.265655853,1.596244131
Mexican,CFaRVxsnN4Zjf28cbORKIA,133,Via Delosantos,28.07665726,21.07042254
Mexican,DDnmNTvIIQu2t3WZ2EQx-w,193,Sierra Bonita Grill,40.77059238,30.64788732
Mexican,Bp9DYjh3_PnDOOG65SWRsQ,12,Ketzal Mexican Grill,2.477221439,1.755868545
Mexican,ZN-RG7wkT8MLsmaTPzIW5g,21,Sabroso Fresh Mexican Grill,4.381311707,3.192488263
Mexican,RWTE0VWMs6i-JIaBRc9JZw,30,Popo's Mexican Food,6.285401975,4.629107981
Mexican,cVejKU_SrdbvzIbQ4oPV0A,224,Mi Patio Mexican Restaurant,47.32912553,35.59624413
Mexican,0K35eGvzVRZEirNo5v_WfA,68,Ajo Al's Mexican Cafe,14.32489422,10.69483568
Mexican,XI-_Y2XRw03mozGx0Z90Gw,22,Baja Fresh Mexican Grill,4.592877292,3.352112676
Mexican,mBDhy9j4qwKRnf4h8UQnrQ,28,Julio's Too,5.862270804,4.309859155
Mexican,o1W6gwCqnJqvdCenLWz5GA,176,Gadzooks Enchiladas & Soup,37.17397743,27.9342723
Mexican,W9YAp6eFnl9bikN5Yh6_pg,3,Blanco Rapido,0.573131171,0.319248826
Mexican,JrIhyj-e3n77LeIOeErBJA,3,La Reina Michoacana,0.573131171,0.319248826
Mexican,Bv3g-9R5wUevZPP0jzihqg,17,Las Glorias Restaurant,3.535049365,2.55399061
Mexican,NYBx4sdSVrN-I5Q8RfLMPg,27,San Carlos Bay Seafood Restaurant,5.650705219,4.150234742
Mexican,bzDs0u8I-z231QVdIQWkrA,307,Los Reyes De La Torta,64.88906911,48.84507042
Mexican,b9dv7Q0A8XcJ44zzTDJeYw,28,Qdoba Mexican Grill,5.862270804,4.309859155
Mexican,ZI38b-iM_kHrOyjI5Pgrzw,11,Federico's Mexican Food,2.265655853,1.596244131
Mexican,#NAME?,67,Mi Amigo's Mexican Grill,14.11332863,10.53521127
Mexican,VQmgq4Dwwej5AwnHBmDIAg,17,International House of Food,3.535049365,2.55399061
Mexican,4y9s1y8WxumJB9ypewvXCA,12,Los Cerritos,2.477221439,1.755868545
Mexican,Xo9Im4LmIhQrzJcO4R3ZbA,132,Rito's Market & Mexican Take Out,27.86509168,20.91079812
Mexican,gg26wjL2eTRIvmdyb7RXAQ,3,Taco Bell,0.573131171,0.319248826
Mexican,ATeF8pmKd50Xx6Nkd_BsXw,3,Taco Bell,0.573131171,0.319248826
Mexican,1nsxori657cAx2hiyYb4rA,6,El Ranchero Mexican Restaurant,1.207827927,0.798122066
Mexican,edjCywtqffQ8__vM7POZbw,34,Rubio's Fresh Mexican Grill,7.131664316,5.267605634
Mexican,8SjO3b-87uN2jXVXYNn47g,23,Blanco,4.804442877,3.511737089
Mexican,4780MrclJEFGp8MDf9_U2g,2,Big Burrito Mexican Food,0.361565585,0.159624413
Mexican,10VZ8KEshqD5twjcmZ-eaw,7,El Portal Restaurant,1.419393512,0.957746479
Mexican,W-9YqWhkfeK-K3xGFvFeuw,6,Big Burrito,1.207827927,0.798122066
Mexican,G9LwkTSdKOyOGqd5BbuIkA,206,Aunt Chilada's,43.52094499,32.72300469
Mexican,4NMElef11_YmVzxOpcsALg,25,Pitic Restaurant,5.227574048,3.830985915
Mexican,psm1tqE9dxRWWictMCnLuQ,14,Filibertos Mexican Food,2.900352609,2.075117371
Mexican,#NAME?,710,Gallo Blanco,150.15,113.1737089
Mexican,Fg5VkQsHRm7V1Hq9GEsUBg,28,Chili's Grill & Bar,5.862270804,4.309859155
Mexican,nB3pytYdmzKWfNtXyfNrpQ,52,The Tamale Store,10.93984485,8.14084507
Mexican,gKqsv37BaAT_jxfWgDlmVg,6,Burrito Bandito III,1.207827927,0.798122066
Mexican,W010P4plDADjo2SFq3OvXA,89,Modern Margarita,18.76777151,14.04694836
Mexican,iYr8t8RVPCiWABBO4I6HgA,14,Del Taco,2.900352609,2.075117371
Mexican,LM9d5wQcVqh97g7qpCQ88A,10,Lydias La Canasta  Mexican Restaurant,2.054090268,1.436619718
Mexican,pzJCv-ixgSL_z-46F74XrA,4,Taco Bell,0.784696756,0.478873239
Mexican,WOcf7AiIRL_wkYAnEF-vcw,3,Las Brazas,0.573131171,0.319248826
Mexican,4jxKmU2No9hGWCZuYPjeLQ,3,Taco Bell,0.573131171,0.319248826
Mexican,Yb2pNCxYR32XKmpirqJqeQ,35,Mi Pueblo Mexican Food,7.343229901,5.427230047
Mexican,D09yG6Z3gcsh24Qn7Y4gYA,56,Chico's Tacos,11.78610719,8.779342723
Mexican,HLQ2dpyfLcva120pCSLvfA,13,Humberto's Mexican Food,2.688787024,1.915492958
Mexican,5AQdjtfMzJYJe8A8rZU8Vw,4,Las Islas Del Capitan,0.784696756,0.478873239
Mexican,NnoEbaGnQa44CZE_A5tBTQ,2,Mama Lola's Tortillas,0.361565585,0.159624413
Mexican,aACW1qAdOfgcU8yX61dOFw,41,Macayo's Mexican Kitchen,8.612623413,6.384976526
Mexican,BFZHdg2TRrgw56CyqkSryA,103,Blue Agave Mexican Cantina,21.7296897,16.28169014
Mexican,uTW9SVXqxgjbnCTlEf9ONw,5,Rock-n-Taco,0.996262341,0.638497653
Mexican,wN_wAXWg8W94v04eqijy6g,281,Tacos Atoyac,59.38836389,44.69483568
Mexican,TBTaMIaeDw5B79hXDZBtrA,10,El Pollo Loco,2.054090268,1.436619718
Mexican,CHMSC8bSjXttB9Ei0scc_g,3,La Carreta De Lily,0.573131171,0.319248826
Mexican,mW1gB2DmBe__AEVgCoTgjw,17,Filiberto's Mexican Food,3.535049365,2.55399061
Mexican,ZOROJ4IV6V2sEAmh0v-w2A,29,Tortas Paquime,6.073836389,4.469483568
Mexican,KYbkCDAxScIuknxsp67oUw,21,Rubio's Fresh Mexican Grill,4.381311707,3.192488263
Mexican,xdv2kvaZodkWvTSV6pSSpA,42,La Barquita,8.824188999,6.544600939
Mexican,KnLsrf4P9GkWYLNRQLUgsA,35,Gordas Baja Taco,7.343229901,5.427230047
Mexican,5kRug3bEienrpovtPRVVwg,324,Rokerij,68.48568406,51.55868545
Mexican,1nq6zzJuVgwaHtXau97_Iw,19,Asadero Norte De Sonora,3.958180536,2.873239437
Mexican,ZD8xAsXsj8FRunJOP4fSrQ,8,Taco Feliz Mexican Food,1.630959097,1.117370892
Mexican,9N7E_6xGBmVZ6IETuTg03w,14,Qdoba Mexican Grill,2.900352609,2.075117371
Mexican,9Y5kXneSwv-l-8TODZWQAQ,14,Taco Bell,2.900352609,2.075117371
Mexican,9BJ5h9X1krpXFjKj0a6wbg,314,Dick's Hideaway,66.37002821,49.96244131
Mexican,b-t3nNmRw6alKw4aSqAgPg,85,Los Dos Molinos,17.92150917,13.4084507
Mexican,kPh2gPvd8moVx6gNf2iHsA,29,Taberna del Tequila,6.073836389,4.469483568
Mexican,TgxDGx7L_JICWbuBUCGVqw,107,Fajitas A Sizzlin Celebration,22.57595205,16.92018779
Mexican,69t2S1u7Rf6qM_c14b42xQ,32,Manuel's Mexican Restaurant,6.708533145,4.948356808
Mexican,iyc8liplbJCVxSl9mvel0A,4,Taco Bell,0.784696756,0.478873239
Mexican,d2AeNB4xw67E1Bzpo1Pm7Q,28,AZTECA Bakeries & Restaurant,5.862270804,4.309859155
Mexican,McdTNj-TUMOlfkHwQWs4rg,3,Tacos Mexico,0.573131171,0.319248826
Mexican,V5w1ThWfQdolgzIL3rWPTg,6,Filibertos Mexican Restaurant,1.207827927,0.798122066
Mexican,#NAME?,27,Los Reyes de la Torta,5.650705219,4.150234742
Mexican,ZcgzyGf-cAgc0JxFklpZLA,3,Mr. Triny Sonora Hot Dogs,0.573131171,0.319248826
Mexican,_oylByc6iTONI5lokMfYHQ,7,Armando's Mexican Food,1.419393512,0.957746479
Mexican,grk9RANQRR-IZouPFP3kgA,11,La Tortotota,2.265655853,1.596244131
Mexican,pARpNmERH5UNb9Sa3XQ7vA,5,Uno Mas Mexican Grill,0.996262341,0.638497653
Mexican,pLFxPgDiBJwJqgKlEEVw1g,47,Lenero Mexican Grill,9.882016925,7.342723005
Mexican,uevPN8zwJpBpnxRur1jUhw,51,Don Jose Mexican Food,10.72827927,7.981220657
Mexican,VlG9qxAc4d0em2djaU__xw,28,Jordan's Mexican Food,5.862270804,4.309859155
Mexican,N7oUi6aM01UlvrsIcTSqmg,23,Rubio's Fresh Mexican Grill,4.804442877,3.511737089
Mexican,YxLiLBNTm4cOg7OlKKLmVw,106,Arriba Mexican Grill,22.36438646,16.76056338
Mexican,scr5gHaPC_36GtaCxmJEHA,48,Caramba Fresh Mexican Food,10.09358251,7.502347418
Mexican,e5kc0CQ4R-PCCDgb274gSg,161,Canyon Cafe,34.00049365,25.5399061
Mexican,ho4Te6bO2tGs56h9PF2vuA,66,Los Dos Molinos,13.90176305,10.37558685
Mexican,KIbFaBrZDX7rrYJInkv5Kg,14,Del Taco,2.900352609,2.075117371
Mexican,3l72FflaaeI0tWEAWN3-gQ,293,America's Taco Shop,61.92715092,46.61032864
Mexican,I7IfnWW1nXljC4ZGqwPe-w,83,Manuel's Mexican Restaurant,17.498378,13.08920188
Mexican,eK6KGMKqU_4nB9RdayZD7Q,17,Tee Pee Tap Room,3.535049365,2.55399061
Mexican,aVYFrGg51X0CD813ZkAb8Q,3,Dora's Kitchen,0.573131171,0.319248826
Mexican,pqnA2OyZelTuy46EV8VgEA,9,Corona Urban Cantina,1.842524683,1.276995305
Mexican,ydnc0p_oPL80BBKJNZGw_Q,5,Ramiros Mexican Food,0.996262341,0.638497653
Mexican,oWb5JjxoPaFSmpGwJ3-Ntg,53,Blue Burrito Grille,11.15141044,8.300469484
Mexican,RIP8nL2Gbiu0zb-nCgZnpw,18,Chipotle Mexican Grill,3.746614951,2.713615023
Mexican,KSKlspZY6FqTuYZvNbkecQ,2,La Huasteca Mexican Foods,0.361565585,0.159624413
Mexican,FTFxgoq7-4VhulbrtKFIJw,13,Tacos La Hacienda,2.688787024,1.915492958
Mexican,tIuw93p4MEsL2iFv7-0WDg,8,Filiberto's,1.630959097,1.117370892
Mexican,VKxn7zmp8nOYT-ZHFZTjgA,10,Mariscos Ensenada,2.054090268,1.436619718
Mexican,QNo69O4cy6a3HGb6RrGWzA,18,Roberto's Mexican Food,3.746614951,2.713615023
Mexican,GGXtuLHpWWhkUpVynhFHWw,4,Taco Bell,0.784696756,0.478873239
Mexican,hLAWdi804nVfTLF7T0rB1Q,16,La Salsita,3.32348378,2.394366197
Mexican,6TWRuHn24DL6vnW8Uyu4Vw,40,Chipotle,8.401057828,6.225352113
Mexican,RRg-Ju8NjcbB8Sm0OR0HEA,3,Maya Mexican Antonjitos Snacks,0.573131171,0.319248826
Mexican,0NlTmTzKYXbE6Hx2iGEb5A,63,El Encanto DOS,13.26706629,9.896713615
Mexican,i4X_iu_29PkhL2zsIRpueQ,3,Los DOS Amigos Restaurant,0.573131171,0.319248826
Mexican,H-02hZPbb7R6jfX2NgFH7Q,26,Garcia's Mexican Restaurant,5.439139633,3.990610329
Mexican,9xsmSRFD8riQF7UCBrD88g,36,La Parrilla Suiza,7.554795487,5.58685446
Mexican,KBoN62BQPvTVmcRz-Rb81Q,7,Cocina 10,1.419393512,0.957746479
Mexican,9NT8Ne1DICkv0ebX-gVK5g,22,Filiberto's Mexican Food,4.592877292,3.352112676
Mexican,pGrcODntgStT2ffCcHgmCg,2,Tortas El Tri,0.361565585,0.159624413
Mexican,Ddsln32r-uA7hq_0ksaNZA,20,Julioberto's,4.169746121,3.03286385
Mexican,sH17KGxbMVrlr66n92Qh8g,9,Del Taco,1.842524683,1.276995305
Mexican,QGZiJsrHVKFO_B3GLkph8A,34,Top Shelf,7.131664316,5.267605634
Mexican,6cy2C9aBXUwkrh4bY1DApw,25,Regio's Mexican Food,5.227574048,3.830985915
Mexican,JaNp5Cp-Bz3D5nMuzqpAAQ,22,Poblano,4.592877292,3.352112676
Mexican,QdlLtW6YAaDOFKihURosYQ,3,Garcia's Mexican Restaurants,0.573131171,0.319248826
Mexican,flUKBy7WHqYdfOrwU1A2SA,78,El Bravo,16.44055007,12.29107981
Mexican,DeAnVirgOxQnI36V1W158A,76,Juan's Authentic Mexican Food,16.0174189,11.97183099
Mexican,HHFjjljqoH5qs7Cy1i9R4A,8,Filiberto's Mexican Food,1.630959097,1.117370892
Mexican,LbcDWyqGgQdlwWfGO-whMw,106,Barrio Cafe,22.36438646,16.76056338
Mexican,fX2WvzDikMVd0wDzdDOLkw,19,El Conquistador,3.958180536,2.873239437
Mexican,11TvD4sCfA8GEqLDANpbSQ,12,Los Jarritos Restaurant,2.477221439,1.755868545
Mexican,9BJYR2o_PSniFnHTxpY1cw,4,Mariscos Ensenada 7,0.784696756,0.478873239
Mexican,eZXAQxBXReD78AWWf0_4ZA,15,Tacos Sonora Grill,3.111918195,2.234741784
Mexican,04HakCR6gEeRYNAoKxkppQ,5,Hacienda Restaurant,0.996262341,0.638497653
Mexican,UPbkeVTJR6C-1I7sCuUrmw,7,El Mas Sabroso Mexican Food,1.419393512,0.957746479
Mexican,cgNIBHS2mLdbTRiodAT6EQ,50,Tacos De Juarez,10.51671368,7.821596244
Mexican,A3lInLxP3KOECWPjQO9k6A,44,Blanco Tacos And Tequila,9.247320169,6.863849765
Mexican,NBwPgX7L2D-EZedgo3A-pw,31,Gil's Taste of Taos,6.49696756,4.788732394
Mexican,DRekXCjdmPESqDpwaQ0x2w,10,Tortas Paquime,2.054090268,1.436619718
Mexican,uBE07bU2QxgJ5jAMjPj2jA,5,Corazon Mexican Cocina,0.996262341,0.638497653
Mexican,O6-ZPDz_W_NwkCyf3UoPiw,5,Oasis Raspados,0.996262341,0.638497653
Mexican,ZhwoNt7dU6iA_wKmwe6qQA,8,Filiberto's Mexican Food,1.630959097,1.117370892
Mexican,5MlUPatQxg4GZhkPwGIvrQ,6,3 Margaritas,1.207827927,0.798122066
Mexican,adPVJMkRrS8_3VHQKw5-qw,29,La Frontera,6.073836389,4.469483568
Mexican,8_mbjbTK_Ci3DljpzdipuA,5,La Salsitas,0.996262341,0.638497653
Mexican,4Hi-45RQRl2FOkPhEgNTnA,12,Two Hippies Beach House,2.477221439,1.755868545
Mexican,oMycF1cQgR1UVkafXfof7A,54,Tortas El Guero,11.36297602,8.460093897
Mexican,WPSM_oTPceoSnwqQWfAsdg,21,Qdoba Mexican Grill,4.381311707,3.192488263
Mexican,CFdPTWukph1ownRkLiglJg,22,Jesters Mexican Grill,4.592877292,3.352112676
Mexican,cQZcWeIDKEF-7nWU3gJMUw,72,Cafe Rio Mexican Grill,15.17115656,11.33333333
Mexican,6nseTZb6WrGWcithRThfag,126,Padre's Modern Mexican Cuisine,26.59569817,19.95305164
Mexican,2MM1zXQotfBkW4YRMPY-ZA,12,Ketzal Mexican Grill,2.477221439,1.755868545
Mexican,syxUZu1GrJv0LYnV38hMug,6,Losbetos Mexican Food,1.207827927,0.798122066
Mexican,CHCm6hbR4KSstbifFdCOpw,11,Humberto's Mexican Food,2.265655853,1.596244131
Mexican,N-DFmcKLm5BxleZJGoJ-dg,7,Nogales Hot Dogs,1.419393512,0.957746479
Mexican,j0cSJ3AX6bKM9MmwQOSy1A,4,Taco Bell,0.784696756,0.478873239
Mexican,x8WoC_7WHzXNmt6J13Nbvw,2,Jordan's Mexican Food,0.361565585,0.159624413
Mexican,I4uDkxbTLt5l1JFkcG1e7g,17,Ta'Carbon,3.535049365,2.55399061
Mexican,WYk91WPklqRWuk9z9DsPDw,52,Vitamin T,10.93984485,8.14084507
Mexican,Ctac9HGdCAABBpAL0sycHQ,2,Chayo's Mexican Kitchen,0.361565585,0.159624413
Mexican,2DOJ2GyphXQf_f3OKJEPzw,36,El Bravo,7.554795487,5.58685446
Mexican,vYEUEID47mgenrTBsvL9Xw,9,El Patron,1.842524683,1.276995305
Mexican,W9oFbcGKloLUpuALxzcQdw,2,Taco Bell,0.361565585,0.159624413
Mexican,GoWTsb8sGyJ026a3cbw03Q,21,Vaqueros Carne Asada,4.381311707,3.192488263
Mexican,qlrZzAktK8wODSHxhLEK7w,145,Two Hippies Beach House Outrageous Tacos and Burritos,30.61544429,22.98591549
Mexican,aZe9f7korrhFTNMPxVbMXA,4,Vaquero's Carne Asada,0.784696756,0.478873239
Mexican,BM0-dgPJMBMmcmO9PVCJfQ,86,Los Compadres Mexican Food,18.13307475,13.56807512
Mexican,A6OstDz-flrI84-EW8aILg,11,Chuy's Mesquite Broiler,2.265655853,1.596244131
Mexican,jzPMl-NoB5F2fwoHX3hN8A,89,Macayo's Mexican Kitchen,18.76777151,14.04694836
Mexican,uaOePMfZb9v7fpzzxafnWg,3,Salsitas,0.573131171,0.319248826
Mexican,jtqPBGcsvmKI7VeHLG0KsQ,39,Barrio Cantina & Grill,8.189492243,6.0657277
Chinese,atbvu3MxnDgpQfZgvPZz2Q,4,Red Dragon Chinese and Mexican Food,0.938091068,0.478873239
Chinese,JmKgenzB37i3xcK0rJkDmQ,19,Great Wall Buffet,4.87854641,2.873239437
Chinese,Zx8_4zKdDBSO3qGrkukBIA,572,Chino Bandido,150.15,91.14553991
Chinese,ljv9jlYXFm_MzI9WmXc8EA,28,Asia Lee Chinese Restaurant,7.242819615,4.309859155
Chinese,TxDKDFQ3ovgzTaNcqKf2Uw,57,Li's Bowl,14.86103327,8.938967136
Chinese,0db71MbrvcJnyk71COCJBg,140,Great Wall Cuisine,36.66488616,22.18779343
Chinese,EWnSPExh_T5zTv6oMJOC5g,33,Mr Chao's Asian Bistro,8.556304729,5.107981221
Chinese,kCjR5nLyphuNKnDqRjurXQ,36,New China Super Buffet,9.344395797,5.58685446
Chinese,PsuvqWNmLBU8ABkch2d9vA,33,COFCO Chinese Culture Center,8.556304729,5.107981221
Chinese,qrapwnls-3IMg-iaXhkQKw,24,Canton Wong #8,6.192031524,3.671361502
Chinese,-3WVw1TNQbPBzaKCaQQ1AQ,198,China Chili,51.90131349,31.44600939
Chinese,pwsPmCKDMJQ9jTpdQFjFTA,9,Ninja Bowl,2.251576182,1.276995305
Chinese,Wns0UP_28xk6uZ-b6LrMnQ,8,New China Buffet,1.988879159,1.117370892
Chinese,bexPpkHMthuCaeC0g0Lrfg,6,Panda Express,1.463485114,0.798122066
Chinese,Pv1H9KIGZTDgSaCDuTUjdQ,20,North China Restaurant,5.141243433,3.03286385
Chinese,VTFx4ADDP6nPnlcMHB1-Ow,5,Panda Express,1.200788091,0.638497653
Chinese,FjSttKipz44vRwKpPwhh-Q,35,Hibachi Grill & Supreme Buffet,9.081698774,5.427230047
Chinese,BT2Vls7h6sWrCKa5gGXbKg,43,Long Wong's Restaurant,11.18327496,6.704225352
Chinese,4_xxWpQKhBWhAOvfVPmFXQ,36,Yan's Chinese Food #2,9.344395797,5.58685446
Chinese,Co-sJv4GNxILkF79ZMLq-Q,8,Panda Express,1.988879159,1.117370892
Chinese,KRqtYdnDpwqYfWkFhZYjow,26,Wang Express,6.717425569,3.990610329
Chinese,PkBqPU83bf1zArumGVHqcw,19,Bamboo China Restaurant,4.87854641,2.873239437
Chinese,Gly54cM3avJg9n2F0l8V-g,9,Panda Express,2.251576182,1.276995305
Chinese,FF5ztq7j7RWGIhpw1XB1zg,3,Garden Express,0.675394046,0.319248826
Chinese,2unQHR9uaRxk3dsW6f3MGA,38,Lao Ching Hing,9.869789842,5.906103286
Chinese,a4wVLeSHNSHyGGbanNuCUg,20,Chen Wok Express,5.141243433,3.03286385
Chinese,C0Oax-LBEFf0mmPSugymEQ,13,Lim's Chinese Restaurant,3.302364273,1.915492958
Chinese,F3SEkW6v2LJ5y6Ldo5pPaw,45,Super Dragon,11.708669,7.023474178
Chinese,8ZQc4awuK6_yvcERvczR5g,17,Hong Kong Express,4.353152364,2.55399061
Chinese,oMtqDDzpMcFrQwHfeYc1iA,23,Dragon Bowl,5.929334501,3.511737089
Chinese,WJ7rJxbkXqr62koXzR8tXg,4,China Buffet,0.938091068,0.478873239
Chinese,q87ZzD_fNl5wtFoj8rbWbA,9,Panda Express,2.251576182,1.276995305
Chinese,nW_1gn19lMnS9IF1KlZ-aA,3,Pick Up Stix,0.675394046,0.319248826
Chinese,dCjIsHdc-IoOmfMt7qqZJA,6,Chinese Gourmet Buffet,1.463485114,0.798122066
Chinese,AYAb0qJX5wuT2sRtz4CjpA,20,The Wok Express,5.141243433,3.03286385
Chinese,EqyNGesG22jNfNT5pmfYgw,34,Shangri-La Chinese,8.819001751,5.267605634
Chinese,uFwC7N9APy8oTjhda3p9lw,24,Asian Cafe,6.192031524,3.671361502
Chinese,LYCaveWFti6kUHpMzYKLjA,10,Big Heng,2.514273205,1.436619718
Chinese,RIPnl1BAUaY2rSW8cPuQWQ,4,Star Wok,0.938091068,0.478873239
Chinese,tvBC1FNxX_quNv-4IkGzQw,34,101 Asian Buffet,8.819001751,5.267605634
Chinese,4nWKKGZGFc4nWUbJTunMAw,10,Asian Seafood Buffet,2.514273205,1.436619718
Chinese,naUFPFYH2CqHtTrV3IAJrQ,18,Crown China Super Buffet,4.615849387,2.713615023
Chinese,r3HWH8XeoV9uohlcrwrMSw,73,Sun Asian Kitchen,19.06418564,11.49295775
Chinese,Xsl-i1otDd3GXJEkkKJCaw,46,Diamond's Chinese Restaurant,11.97136602,7.183098592
Chinese,2CcO6bTk9Fs3sAwodab3-w,10,Hong Kong Chinese Cuisine,2.514273205,1.436619718
Chinese,GNZuoHxehd_3Kej7eXj8iQ,23,Good China Restaurant,5.929334501,3.511737089
Chinese,9LWHrYjDQNjFSNH6VbSFrg,25,Ming's Pagoda,6.454728546,3.830985915
Chinese,3tk6Syyz5i967Ifuz_4o3w,21,Oriental Express,5.403940455,3.192488263
Chinese,ykfTh6HI219NoMsWBxulxw,64,Gourmet House of Hong Kong,16.69991243,10.05633803
Chinese,NQepW13jaKEaADHUDOtkMg,20,Beijing Garden Chinese,5.141243433,3.03286385
Chinese,Y-pihdjUgiOrwYHgWd29tg,4,Panda Express,0.938091068,0.478873239
Chinese,ai4e0PDmLLrlieV1oeo3XA,6,Shanghai Express,1.463485114,0.798122066
Chinese,6FGwEHnoD-mM-PiXrhxOlw,37,Great Wok,9.60709282,5.746478873
Chinese,En4UyDiGgmQuWq__50RAgA,13,Great China Super Buffet,3.302364273,1.915492958
Chinese,Vb1tNz0Tlm1q41A4gjY-cg,8,Great Wall Buffet Two Corporation,1.988879159,1.117370892
Chinese,sMD2HPNh7m0hgCxHDzGTzQ,11,Golden Coin,2.776970228,1.596244131
Chinese,TqVjy0dxvNh51BF9KePCoQ,24,Chen & Wok,6.192031524,3.671361502
Chinese,7pxa5tueoEcmt6hztqsz2A,67,Pei Wei Asian Diner,17.4880035,10.53521127
Chinese,dxAlupwjiQH91m4cE9a17g,49,Wahsun Chinese Restaurant,12.75945709,7.661971831
Chinese,XHzZgNmJFVHeT3unDg2Qig,111,The Clever Koi,29.0466725,17.55868545
Chinese,R7YlKfLpoFDAJQB9hBcQJA,21,China Restaurant,5.403940455,3.192488263
Chinese,0LBv0QQK9L6ArPkO4eXjJA,13,Hong Kong Kitchen 3,3.302364273,1.915492958
Chinese,nLpV9fo8xml-QHOKyOje2A,9,Panda Express,2.251576182,1.276995305
Chinese,-7XuLxfYwZ9x72mEKXdv0A,9,Lin's Golden Chinese Restaurant,2.251576182,1.276995305
Chinese,Xr0SQ1i6vHgT0RBZfyzJ8Q,35,Lucky Kitchen,9.081698774,5.427230047
Chinese,PxqufEwqzIHAbQGRdZ3bUw,10,Pei Wei Asian Diner,2.514273205,1.436619718
Chinese,aqD66Sve2mE4cq021LWQmA,5,Segal's Oasis Grill,1.200788091,0.638497653
Chinese,FJgO8d_Lx0P1A0KOiRfuFg,3,China Buffet 2000,0.675394046,0.319248826
Chinese,#NAME?,82,Hong Kong Gourmet Buffet,21.42845884,12.92957746
Chinese,lAGDe38li38fyf971CslFg,72,Dragon Palace,18.80148862,11.33333333
Chinese,3D8thbL2D2c3qTMeYROAOQ,28,Hsin Cafe,7.242819615,4.309859155
Chinese,3DMvGD8ZmlMQmhwV66hdSA,34,China Village,8.819001751,5.267605634
Chinese,lbECi2rbJPZWzHdmrC9xAA,13,Abacus Inn Chinese Restaurant,3.302364273,1.915492958
Chinese,cuxqnMMmbBV0iE2KJJy60Q,5,A A Wok,1.200788091,0.638497653
Chinese,QAUDLYNxhHGdUn5YP7au_w,10,China Star Super Buffet,2.514273205,1.436619718
Chinese,VDUwU8bHmeGgtJpe-rz3bQ,11,Yunan Wok,2.776970228,1.596244131
Chinese,Hlu6geDGG44x_Vk9sP_-Vg,10,Panda Express,2.514273205,1.436619718
Chinese,SPqPt-K6qzTutj_vWOgKGA,7,Marcia's Long Wongs,1.726182137,0.957746479
Chinese,51iJ7zyvay9N_COWV0is_g,20,Mister Wong,5.141243433,3.03286385
Chinese,yCQ2KC8OETCyQDCRw7mXrg,12,Golden China,3.03966725,1.755868545
Chinese,VWJqohlU4cXYIpNwYQY-wg,7,Flo's Shanghai Cafe,1.726182137,0.957746479
Chinese,0QTn4pMzKv1mnQifcP9YoQ,77,Autumn Court Chinese Restaurant,20.11497373,12.1314554
Chinese,z5r8zD7vGPCMpKljERvKqg,4,Royal Buffet,0.938091068,0.478873239
Chinese,4T-oySmxM_-ojR_nTqF7pA,6,Golden Bowl Chinese Food,1.463485114,0.798122066
Chinese,9tefv6uPxoHhp_OlQQJVXA,10,Canton Wong,2.514273205,1.436619718
Chinese,I3KRHQvoLB6O_MZ2-UpynQ,17,Pink Lotus Express,4.353152364,2.55399061
Chinese,JPRyCrWPIo_ujOszH1NRzg,77,Noodle & Rice,20.11497373,12.1314554
Chinese,LtdVdYhs7MAwwTBuHhdsFQ,3,Panda Express,0.675394046,0.319248826
Chinese,kktQXaj7zI_PGkH6SR2YPg,6,New Sun Star Super Buffet,1.463485114,0.798122066
Chinese,KHU2QER24Dbucct1dfEWGQ,14,Panda Express,3.565061296,2.075117371
Chinese,1vYaGPKQzMebBJXFCGTH2g,53,The Prime Chinese Restaurant,13.81024518,8.300469484
Chinese,RcufSDfRpeaxLm875axrDQ,3,Golden Nugget Chinese Buffet,0.675394046,0.319248826
Chinese,4l3eeM1sOACwdJAz4UyIPQ,3,China Inn,0.675394046,0.319248826
Chinese,yOYFhiTjT-SM4spKtDk92w,33,China Chan Restaurant,8.556304729,5.107981221
Chinese,zn_gLMU-Lr3wleSPd-nmbg,2,Chop Chop Chinese Kitchen,0.412697023,0.159624413
Chinese,BicQSnGZnY_yuGEDkhVfnA,31,Little Shanghai,8.030910683,4.788732394
Chinese,UxMnY3Dxafucv5cXHyfBSA,24,Hong Kong Restaurant,6.192031524,3.671361502
Chinese,IwhkOh4fPsiU7TThIsz6Og,30,Bamboo Grille,7.76821366,4.629107981
Chinese,XUYbXm4ZmF_IlZ440HZjpw,46,King Wong Chinese Food,11.97136602,7.183098592
Chinese,0LLaVEXjtW0aW0FzU9uRoA,11,Yin's Chinese Resturant,2.776970228,1.596244131
Chinese,TYxwexE7GDYDpIcdltwj6w,5,Panda Express,1.200788091,0.638497653
Chinese,7KB3eQJASverUUah-I_0ZA,12,Pei Wok,3.03966725,1.755868545
Chinese,wEsor9I2DcyYoR3brlqIMw,6,Panda Express,1.463485114,0.798122066
Chinese,VQtMFcgkRz7MCIo9sPDaeg,25,Golden Wok Chinese Restaurant,6.454728546,3.830985915
Chinese,3e00b3ic-7J7TcSklYVauw,4,Pick Up Stix,0.938091068,0.478873239
Chinese,VQmgq4Dwwej5AwnHBmDIAg,17,International House of Food,4.353152364,2.55399061
Chinese,yQONzVpX-DEpGSuKMIov6A,113,Szechwan Palace,29.57206655,17.87793427
Chinese,ysPpFXooSEtwHkIdcOd4Kg,8,Peter Wong Chinese Restaurant,1.988879159,1.117370892
Chinese,XbVqzUHS3c9FhG4lI13c3Q,99,Maxim Restaurant,25.89430823,15.64319249
Chinese,FmvqqBAU_IuMk5iGp4Y0JQ,13,Pick Up Stix,3.302364273,1.915492958
Chinese,sCv1wUWJhFmQEMw3A4lwXQ,41,Wong's Restaurant,10.65788091,6.384976526
Chinese,Jw1ucgEz9SlUKK7_7sqOdw,17,Tam's,4.353152364,2.55399061
Chinese,zTfBa__ldlTdbVgSl5h31Q,55,Bamboo House,14.33563923,8.61971831
Chinese,t30Ua_mSiClnpBqud84ygw,3,Imperial Garden Chinese Buffett,0.675394046,0.319248826
Chinese,gq_lS6RXen3z_SesgIrgXA,9,South China BBQ Hong Kong Style,2.251576182,1.276995305
Chinese,9Vu9KhK2-kBSM-FXvxXGNg,50,Pei Wei Asian Diner,13.02215412,7.821596244
Chinese,O7QQ_ThdvSWx0lR3CTRLOA,1,Wongs To Go,0.15,0
Chinese,EFxaUHb6UwOpsvIIdZk-Ng,19,China Harvest Buffet,4.87854641,2.873239437
Chinese,z-5F-tlpAUci4obI3Gl2ow,24,Jumbo Buffet,6.192031524,3.671361502
Chinese,LbLVO7yqAJGEQ1nK6rEvHA,70,Siu Wok,18.27609457,11.01408451
Chinese,Fb4iTDjDDgtz3ht-SfZ9mw,15,Dragon Island Chinese Restaurant,3.827758319,2.234741784
Chinese,NT0HMA345rSfJt9lqInMtg,2,Canton Wong #2,0.412697023,0.159624413
Chinese,PQ-6WWl4A0VkZzhRCEacVA,8,South China Buffet,1.988879159,1.117370892
Chinese,0nyaKW_6QHSJ74OVnDmyhA,3,China Super Buffet,0.675394046,0.319248826
Chinese,5npcHq7cvdJlgQen_1n80Q,36,Ling and Louie's Kitchen,9.344395797,5.58685446
Chinese,3fNGtIfuHwt0-DD9SSjO6Q,13,China Garden Restaurant,3.302364273,1.915492958
Chinese,mzbQCUmd135tsNW6hY3G6A,55,Chen & Wok,14.33563923,8.61971831
Chinese,a8yzGF79KcfyRye2R6wt3Q,43,Golden Phoenix Chinese Restaurant,11.18327496,6.704225352
Chinese,jbKVbSz51F8IcewsiRQu4A,112,Golden Buddha,29.30936953,17.71830986
Chinese,507GX11jtCsVYlzaur05_w,36,Panda Garden,9.344395797,5.58685446
Chinese,2POJy5LcLySLgkAxb4K54w,3,Hong Kong Express Chinese Food,0.675394046,0.319248826
Chinese,A5MadrE5Dd_usQUEKmW5pg,27,Hao Bao,6.980122592,4.150234742
Chinese,LqfCXOcyNPzDtBgy5M9VFA,38,Abacus Inn,9.869789842,5.906103286
Chinese,NaXqRvoW2Zg2wSghf9JqaA,14,Kwan & Wok Chinese Restaurant,3.565061296,2.075117371
Chinese,d1dwAa-FxyowEHMGSu_lNA,3,South China Express,0.675394046,0.319248826
Chinese,#NAME?,25,Little Peking,6.454728546,3.830985915
Chinese,ChmqODwuYP1ewjmWXtxtsg,99,Nee House Chinese Restaurant,25.89430823,15.64319249
Chinese,UK2LezJRdrNkmF_TH__rCg,29,Tasty House Chinese Restaurant,7.505516637,4.469483568
Chinese,DuaoskPAVBV55px_cwxIVw,22,E-Z Buffet,5.666637478,3.352112676
Chinese,LeTMz4hrsdHhiS-vNBj82A,12,Little Dragon Chinese Restaurant,3.03966725,1.755868545
Chinese,enbTOcl7WNgsjsAtmhvDRA,61,Mu Shu Asian Grill,15.91182137,9.577464789
Chinese,djaLlLr3jlPApAqL4exhxQ,4,Beijing Beijing,0.938091068,0.478873239
Chinese,t6lvhOMRI0_AJrEqA7cd3g,12,Dragon Chinese Restaurant,3.03966725,1.755868545
Chinese,XK5hwOMD3M-cjGVBsEmrIw,78,Pan Asia Sushi Chinese Fusion,20.37767075,12.29107981
Chinese,Bc5bgPG1MlTc75G0A-_7fg,7,Taiwan Express,1.726182137,0.957746479
Chinese,LGLOtR2e-v74MpB51k8hxQ,16,Lim's Chinese Buffet,4.090455342,2.394366197
Chinese,Y04chCG7J-yJ6ucEZ26IGA,11,Great Dragon Restaurant,2.776970228,1.596244131
Chinese,Ndk3mmxFthvuGO7LFKeUmQ,41,Pacific Gardens,10.65788091,6.384976526
Chinese,wccFOUVaqeNBRaY27wOCyg,32,Dao Kitchen Asian Bistro,8.293607706,4.948356808
Chinese,Dz7swOgFook-L89Y_M-aQA,50,Pei Wei Asian Market,13.02215412,7.821596244
Chinese,wLZ--5d4lXImxrG7VhdTyA,6,Panda Express,1.463485114,0.798122066
Chinese,a5ovPlhQkcA27FFu664xKA,7,Happy Food,1.726182137,0.957746479
Chinese,hic_sUwlw1NyAM6eG7x5RA,5,Liyuen,1.200788091,0.638497653
Chinese,6VaAYF0Pu1O3d-yrQSwk5w,23,Pong Pong,5.929334501,3.511737089
Chinese,gFGldPLVQdqbHQodU5TeUw,41,Pei Wei Asian Diner,10.65788091,6.384976526
Chinese,GrUh2Jo6sL3wllrtZY4zmg,7,Eastern Buffet,1.726182137,0.957746479
Chinese,nE-qMmKkYEuT0onFTLDFtg,11,May Garden Restaurant,2.776970228,1.596244131
Chinese,mXIgCWuu6Thb2mXluEYYig,7,Golden Moon Palace Restaurant,1.726182137,0.957746479
Chinese,VsO_rhXi5lgbaGxNwoEZsQ,78,Fate 905,20.37767075,12.29107981
Chinese,Cdnp0HbJ4wVlzffuueG45w,9,Happy Food,2.251576182,1.276995305
Chinese,4DDbIvNtzfhLRwz-EOLFDA,7,Panda Express,1.726182137,0.957746479
Chinese,YuEdJcnZQv8XXAoP6GgClg,10,Canton Dragon,2.514273205,1.436619718
Chinese,CKhtiDFAfr31jQIJrpehuw,176,Snoh Ice Shavery,46.12197898,27.9342723
Chinese,OTq55xUFMOz13DAi9D0_rw,100,Iron Chef,26.15700525,15.8028169
Chinese,z0xEfgr1-lDqVatrX-rf-A,10,Rice To You,2.514273205,1.436619718
Chinese,dvjYiddhJ2HrosdSBAqngg,23,Go Go China,5.929334501,3.511737089
Chinese,B5hhRbxDIADG-bFaQIEWag,41,New Asian Kitchen,10.65788091,6.384976526
Chinese,GHY7UYRnMhZnQ1FSIH20wg,36,Red Wok Buffet,9.344395797,5.58685446
Chinese,KkdkWeTMN8q-xpWD0ckx1Q,53,Shanghai Buffet,13.81024518,8.300469484
Chinese,R9U8bZ84V-xPx3udCcU5jQ,10,Best Wok Buffet,2.514273205,1.436619718
Chinese,aozcOaCMwOHG8s-lbZ6_gA,77,Flamingo Palace,20.11497373,12.1314554
Chinese,cpfqZ_968LCuIyHJ3X46NQ,10,China City Super Buffet,2.514273205,1.436619718
Chinese,eXALA0wNH2LdwpUlGvWsKw,5,China Olive,1.200788091,0.638497653
Chinese,KqYY2rwD8ymjU9mVJwiuRQ,4,Panda Gourmet,0.938091068,0.478873239
Chinese,3wkQh4bxR0Ao6rK21UIBXA,8,Jade Fine Chinese Dining,1.988879159,1.117370892
Chinese,SYSBZeffWbScfQsI_e4b0w,7,New King Wah Chinese Buffet,1.726182137,0.957746479
Chinese,lut0g04VsYRyblR1Ad-8HA,66,P F Chang's China Bistro,17.22530648,10.37558685
Chinese,hhaUz_YCmU7OfSR10uJGrQ,3,Panda Express,0.675394046,0.319248826
Chinese,_PSo13KRX_X7FQR5mtUCug,22,Hibachi Grill & Supreme Buffet,5.666637478,3.352112676
Chinese,ayTBDjx-S7TH4maWKBiAFw,28,Wong's Chinese Dining,7.242819615,4.309859155
Chinese,m2M7X5ItFvhOC7a6B7JcDg,51,George and Sons,13.28485114,7.981220657
Chinese,pa_Ft6pLLWo-w_iopBsu0g,6,Golden Panda,1.463485114,0.798122066
Chinese,#NAME?,53,Sing High Chop Suey House,13.81024518,8.300469484
Chinese,m9Wqqma30o-hH2fAX7dnug,91,Desert Jade,23.79273205,14.36619718
American (new),rZbHg4ACfN3iShdsT47WKQ,633,Bobby Q,103.6434498,100.8826291
American (new),ALqygKZXxuVWGM23pFAiPQ,3,Dairy Queen,0.477510917,0.319248826
American (new),rQ4z0EStSZE4acgkne6Hmg,282,Tuck Shop,46.16528384,44.85446009
American (new),VXivZOUYeKBFFab9JVHOSA,35,The Market By Jennifer's,5.71768559,5.427230047
American (new),aRkYtXfmEKYG-eTDf_qUsw,631,Lux,103.3159389,100.5633803
American (new),jn3OgTqiQIFymRA9U0PTfQ,6,Arizona Baseball Club Restaurant,0.968777293,0.798122066
American (new),CMaJOgyFrX6gVsJGm1bttw,48,Cafe Zupas,7.84650655,7.502347418
American (new),7tTK3VPlFtBGBHm8-LZIUg,125,Timo Wine Bar,20.45567686,19.79342723
American (new),ZHPRAv3k2q662Q8Qj6zByg,8,Chick-Fil-A,1.29628821,1.117370892
American (new),pDXv67UQjBKScEgGhc5yLg,65,Catch 22 Sports Grill,10.63034934,10.21596244
American (new),xHI3saK0sAJEHeMK4IGVvg,204,Short Leash Dogs Food Truck,33.39235808,32.40375587
American (new),3m7khDnqH9QOg8gu3Ymumw,5,Oscar Taylor's,0.805021834,0.638497653
American (new),fI47JKlBBwtqOgiZZb4hdQ,22,Peaks & Valleys Restaurant,3.588864629,3.352112676
American (new),dnBtxFbV4qHXqntYGDUDxQ,8,12 East Cafe,1.29628821,1.117370892
American (new),coXomDOValXzks6BwMHG1A,37,The Living Room Wine Cafe & Lounge,6.045196507,5.746478873
American (new),WS1z1OAR0tRl4FsjdTGUFQ,294,The Vig Uptown,48.13034934,46.76995305
American (new),EWMwV5V9BxNs_U6nNVMeqw,917,FEZ,150.15,146.2159624
American (new),8cL7aJVKTYmLguzXEAS3Lw,165,Yard House,27.0058952,26.17840376
American (new),Xq9tkiHhyN_aBFswFeGLvA,467,The Arrogant Butcher,76.46004367,74.38497653
American (new),7aS0iFpab3XHFQrRGMOKXw,62,Pita Jungle,10.13908297,9.737089202
American (new),K869zHqORZUhpbDOxsspuw,4,Wildberri,0.641266376,0.478873239
American (new),AaKlegu7gmOCD4rEESF76Q,287,Maizie's Cafe & Bistro,46.98406114,45.65258216
American (new),s9sTtT5tlqAMgR4gYvLogA,6,Chili's Grill & Bar,0.968777293,0.798122066
American (new),Oq3JpmsRsNVKbwKScAP-nw,19,Blue Sage,3.097598253,2.873239437
American (new),TgIJfXqEKE-JsD0QUoaC5Q,68,Spoke & Wheel,11.12161572,10.69483568
American (new),7_7fxuG9ESAFmx-AiMsJHg,84,Bar Smith,13.74170306,13.24882629
American (new),YJoph5UiUZ3BEb49vyFAuQ,136,Garage Wine and Tap,22.2569869,21.54929577
American (new),cuMMU10KaD0cZ2WdK5XC1A,20,Old Country Buffet,3.261353712,3.03286385
American (new),dVRRT0zVk8eFNx0Wv6gMmg,5,Chili's Grill & Bar,0.805021834,0.638497653
American (new),83da7v9gQsWJegTW52qnuw,39,Gypsy Bar,6.372707424,6.0657277
American (new),9-cRrGH5WmZKQ_O6LtfSbw,33,The Lounge,5.390174672,5.107981221
American (new),e2oXHln1dux2ACR0QQGoeQ,86,Ingo's Tasty Food,14.06921397,13.56807512
American (new),imvNxppzxkLUPH64pQsDQg,39,Wright's,6.372707424,6.0657277
American (new),AVQMHeyByhkkYEeDbH9HbQ,26,Country Boys Restaurant,4.243886463,3.990610329
American (new),TnkxapUN4nWMz_z5h3qMYg,176,Pita Jungle,28.80720524,27.9342723
American (new),aUHHfCiFtGhN5R6KXCsBKw,9,Fenix Eatery & Bar,1.460043668,1.276995305
American (new),SVSNsGZat2WjTBNCmJlsHA,3,Ed's,0.477510917,0.319248826
American (new),mqLIvIVWmV00VWo3L5pj3Q,65,Cowboy Ciao,10.63034934,10.21596244
American (new),TSg3URWOZ_I8vZGajxQ_6g,112,The Gladly,18.3268559,17.71830986
American (new),FFdlPSZCGgTdg1CAfrlvlw,24,Native New Yorker,3.916375546,3.671361502
American (new),5ALqZbLAonfCRZMY-X_MyQ,7,Mayo Clinic Hospital Cafeteria,1.132532751,0.957746479
American (new),X_F-3w3Z1omxWpItnWDH9g,3,Let's DO Lunch,0.477510917,0.319248826
American (new),1kMR_HUA8i-wYOJFZfLhBA,6,32nd Cafe,0.968777293,0.798122066
American (new),hlekz2L2HV8cVSEkgMvuEA,75,The House at Secret Garden,12.26790393,11.81220657
American (new),KgbCo7ZDFc5bY7w09PReGQ,31,Cafe At Desert Ridge,5.062663755,4.788732394
American (new),pVnUE5EeIaIbjXzaH7sLyw,72,The Attic,11.77663755,11.33333333
American (new),DcrM4hwDcU2G6vuh2cnaYQ,272,noca,44.52772926,43.25821596
American (new),wNsmt1hF1uv3YvbwXZMAoQ,404,O.H.S.O. Eatery + nanoBrewery,66.14344978,64.3286385
American (new),tvyOw9dBJ-ds5fEXMTjzfQ,23,Clarendon Kitchen + Bar C4,3.752620087,3.511737089
American (new),j8nyAaN_w5t6wYv-ni23sg,69,Coach & Willies,11.28537118,10.85446009
American (new),zG_wv69bsllw_PWhOmoAKQ,138,Tarbell's,22.58449782,21.8685446
American (new),KSHdIbYNS2bNzq1BR5HwEA,2,Denny's Restaurant,0.313755459,0.159624413
American (new),kvxrjOmicwb2njvXOJsZRw,18,Ammaccapane's Restaurant & Sports Bar,2.933842795,2.713615023
American (new),qjmCVYkwP-HDa35jwYucbQ,527,True Food Kitchen,86.28537118,83.96244131
American (new),MkQz_wPoaELPVy6Hwwf7Ug,29,Cafe Zupas,4.735152838,4.469483568
American (new),tbt8TduAgw21YAr8uw_AYQ,27,Twenty Highland Tavern,4.407641921,4.150234742
American (new),EmzaQR5hQlF0WIl24NxAZA,18,Sky Lounge,2.933842795,2.713615023
American (new),fq3TCuBBaKtRnibcSoRHpQ,27,T.G.I. Friday's,4.407641921,4.150234742
American (new),4SEaQmnUIpqZXPyCmHZc1A,104,Nook,17.01681223,16.44131455
American (new),5tey93wPQOb7z6jOLJZ30w,91,Half Moon Sports Grill,14.88799127,14.36619718
American (new),Q5diW79GD0MSJ10j1HCf8Q,4,TGI Friday's,0.641266376,0.478873239
American (new),nENrnY-3ILrH9yPXV4tqmg,18,Vatra,2.933842795,2.713615023
American (new),bSrl0gA6QS4oBcfTlQEjRw,8,The Mix Up Bar,1.29628821,1.117370892
American (new),uKSX1n1RoAzGq4bV8GPHVg,654,St Francis Restaurant,107.0823144,104.2347418
American (new),rJ7HH85lo0wTNr5BiYGQ4Q,16,Adobe Restaurant-Arizona Biltmore Golf Club,2.606331878,2.394366197
American (new),nU1xvCBFBVkahDrZSoN2Rw,7,Denny's Restaurant,1.132532751,0.957746479
American (new),PwxvN0SnAGPdqXdNEYVT3g,273,Bliss ReBAR,44.69148472,43.41784038
American (new),cuLVubarNFQ7VjpT5k7DEQ,27,D'Lish Cafe,4.407641921,4.150234742
American (new),2ZnCITVa0abGce4gZ6RhIw,6,Viad Tower Restaurants,0.968777293,0.798122066
American (new),2VpSPb8IVXNqyVY5n7caGg,14,ASAP California Pizza Kitchen,2.278820961,2.075117371
American (new),Vu8od1U-h5qqwj3Jf_Hnzg,16,Souper Salad,2.606331878,2.394366197
American (new),sWvfFtgSQCALAE_yPYVaTA,60,Little Cleo's Seafood Legend,9.811572052,9.417840376
American (new),QMN_F0PIReU6QbyEuGSYhg,52,New Orleans Sno Ball,8.501528384,8.14084507
American (new),Dm5K0Zvw8mqrps-jFjgIaw,17,Palette,2.770087336,2.55399061
American (new),M6fjHpkL9IRI-nI0BattRw,306,The Main Ingredient Ale House And Café,50.09541485,48.68544601
American (new),#NAME?,215,Seasons 52,35.19366812,34.15962441
American (new),zj0BkAi54BGU_AK6AyvJDQ,151,Rusconi's American Kitchen,24.71331878,23.94366197
American (new),6P2DqisDHtmD4Lvs2sMP-A,22,The Lobby Grill,3.588864629,3.352112676
American (new),QPheu9dnwdlaPwXofP8ijw,38,Sapna Café,6.208951965,5.906103286
American (new),Dt8RITU4OmTbRaKKlZm_Pg,7,Sunshine and Spice,1.132532751,0.957746479
American (new),_EdSQOkATuCtZ5y5A2m0rw,2,Arby's,0.313755459,0.159624413
American (new),fVgrpVyp-nPLTac9YIjTug,166,T Cook's Restaurant,27.16965066,26.33802817
American (new),l6C_jcDmKP6rfeNqHHrTAg,3,Phoenix Buffet,0.477510917,0.319248826
American (new),kr3EFhoSwbJPrL_e_RD39g,162,Blue Hound Kitchen & Cocktails,26.51462882,25.69953052
American (new),p9rysWzbd9eMDmxRH9y0fA,70,Chestnut Fine Foods & Provisions,11.44912664,11.01408451
American (new),l5GGMobHJvzaQO2rZFwdTQ,75,The Compound Grill,12.26790393,11.81220657
American (new),VQTjhYGMIyqSRJHgHLFvjg,10,Sonoma Casual Dining,1.623799127,1.436619718
American (new),NWtC07BxIqQp76kugbvynA,9,5 & Diner Deer Valley,1.460043668,1.276995305
American (new),RDX_MLThtKVPb22TvJh9rQ,6,7th Heaven Eatery,0.968777293,0.798122066
American (new),T11YSYqwlRDC48V8-W1GRw,14,Café Allegro at MIM,2.278820961,2.075117371
American (new),QzXFdjIbFRGhzL83goPPLA,77,Elephant Bar Restaurant,12.59541485,12.1314554
American (new),yPfvOB63thP5t3pGZPJExA,83,The Wrigley Mansion Club,13.5779476,13.08920188
American (new),4TqCyWoWmUpghIVAiSo--g,21,Basis New American,3.42510917,3.192488263
American (new),m3-p0XIYBQdR4VzbHpUpXQ,14,Genie G's,2.278820961,2.075117371
American (new),r-a-Cn9hxdEnYTtVTB5bMQ,277,The Grind,45.34650655,44.05633803
American (new),I4L_MJOZsnux3xCU2bLP8Q,7,Cranberry Hills Eatery & Catering,1.132532751,0.957746479
American (new),GjvIDOEhdQB1oPrFeSpxBw,65,Gordon Biersch,10.63034934,10.21596244
American (new),IUnRnZHmA56Tgr2acpHRow,48,Four Peaks Brewing Company,7.84650655,7.502347418
American (new),UpYva_zhJ6pRGfdTruIYIg,48,California Pizza Kitchen,7.84650655,7.502347418
American (new),zMa6YoEekpABg1HZnnTZdg,266,Hillstone,43.54519651,42.30046948
American (new),PY1Wd9Vj7caMGt4u-t1t2w,2,Karla's Sports Lounge & Restaurant,0.313755459,0.159624413
American (new),Aisjvk-fZVwAcGsN4NlviA,8,Kozy Cactus,1.29628821,1.117370892
American (new),Pfb6VOIiroqDWOebfgWGPQ,163,Phoenix City Grille,26.67838428,25.85915493
American (new),SGGZ6l345YTww09IHxtoew,61,Ezekiel's Restaurant,9.975327511,9.577464789
American (new),4waggbCK-MSE9dbIdSMfPA,102,Compass Arizona Grill,16.68930131,16.12206573
American (new),FURgKkRFtMK5yKbjYZVVwA,474,Windsor,77.60633188,75.50234742
American (new),YYm1mnmE36Ne7d5sT9huZQ,120,Short Leash Hot Dogs,19.63689956,18.99530516
American (new),os_r5fCkmjeP980CLv20MQ,12,The Place,1.951310044,1.755868545
American (new),2r8jGeuYvMkyP2ik_X-Bxw,120,The Cheesecake Factory,19.63689956,18.99530516
American (new),UIfORCz28cEGMr_9p0eJ5g,51,25 Degrees,8.337772926,7.981220657
American (new),eqbpaxfx2DHhG-cj9L8tVg,48,Perfect Pear Bistro,7.84650655,7.502347418
American (new),5npcHq7cvdJlgQen_1n80Q,36,Ling and Louie's Kitchen,5.881441048,5.58685446
American (new),XiCnbGY6R92Ji7r38jceZA,31,Chick-Fil-A,5.062663755,4.788732394
American (new),4r9-iKOagzn5oUvPE9Bz4Q,110,Province Restaurant,17.99934498,17.39906103
American (new),aNuyJOFNrb-d71amzPpxlw,52,Twin Peaks,8.501528384,8.14084507
American (new),8SoWH_iOdZD1OvebCwJUbg,13,Dennys,2.115065502,1.915492958
American (new),5-X03Zc0nN7U5eoe8uFUdw,149,Coronado Cafe,24.38580786,23.62441315
American (new),EQgMEDJ3Tkln-8UBlOuKwg,5,Moga Crepes,0.805021834,0.638497653
American (new),cp39VURFby4A6u9m2It8jg,385,Zinburger,63.03209607,61.29577465
American (new),vlxMPuG6LYJ-c0yjd6AW3A,79,The Little Woody,12.92292576,12.45070423
American (new),5XIvwfbIa-vuFEkkeCQ6kQ,9,Jackson's On 3rd,1.460043668,1.276995305
American (new),GYPHQGaB4Oeq9veH-p2nKA,83,Thirteen North,13.5779476,13.08920188
American (new),nS9Dgj0a5o4Et80jFXBlrw,2,Martini Bistro,0.313755459,0.159624413
American (new),KoJ4jNSmqYbmKqcoh-2dNA,20,Arizona Roadhouse 66,3.261353712,3.03286385
American (new),xY5BFKQFo5iLDhXxihkduQ,1,Pollo Sabroso,0.15,0
American (new),1hcGT6I1vAIH_pZuyud0HQ,2,Brickyard Sports Bar and Grill,0.313755459,0.159624413
American (new),w19cemjVR8u02PgjFpJ7Mw,211,Pita Jungle,34.53864629,33.52112676
American (new),Ta-fY1c_E8qHBBDQGyxPkg,24,Bistro 24,3.916375546,3.671361502
American (new),fP-BPL6iRu2tbcvlnjRshw,171,Copper Blues,27.98842795,27.13615023
American (new),dsMvINhoQbIQgSRTBv2B6g,85,Caffe Boa Ahwatukee,13.90545852,13.4084507
American (new),setfRzkAcOPxKH5TZLTqJQ,33,Olive & Ivy,5.390174672,5.107981221
American (new),MEKk3J63dU3GBDg9SHuq7A,73,Lustre Bar,11.94039301,11.49295775
American (new),PdRzCJWP7nPdYoHPdd5SOQ,77,Portland's Restaurant & Wine Bar,12.59541485,12.1314554
American (new),rluuxDPHiP9Z4qtNO66eTw,19,Daily Bistro,3.097598253,2.873239437
American (new),6L9McpPjh3UzZxvR1cf1Lw,11,Vinery 214 Bistro,1.787554585,1.596244131
American (new),cSA2pB43cv71ffdIvaEodA,26,Cafeteria on Thomas,4.243886463,3.990610329
American (new),vBDVxjMtXzZ8GUhV-1L3Jw,27,Chili's Grill & Bar,4.407641921,4.150234742
American (new),SfVsLCVap7VlF3GLUI8PlQ,3,RBG Bar & Grill,0.477510917,0.319248826
American (new),supigcPNO9IKo6olaTNV-g,100,1130 The Restaurant,16.36179039,15.8028169
American (new),IVc23uY-36WUNYoIbz42Fg,446,Switch Restaurant & Wine Bar,73.02117904,71.03286385
American (new),41j3GB7M-Lwq284Pfb9zgw,294,Angels Trumpet Ale House,48.13034934,46.76995305
American (new),9ziO3NpoNTKHvIKCBFB_fQ,209,District American Kitchen and Wine Bar,34.21113537,33.20187793
American (new),7cP7WFmWiTVh-raIL3N_Vw,181,The Roosevelt,29.62598253,28.73239437
American (new),Fn8hc8b3357nDJfFksdcbg,11,Zest - Spirited Dining,1.787554585,1.596244131
American (new),gY6AhCy22G9yFlAGu9vMFQ,78,Floyd's Kitchen,12.75917031,12.29107981
American (new),lQSMn_SAIy5aBEKkqRtVYw,17,Baja Loco Mesquite Grill & Cantina,2.770087336,2.55399061
American (new),eOug4Lp-b5-jrtkoLMQq2g,2,Circa 1900,0.313755459,0.159624413
American (new),2gMx4KnXbNtpoCuVCmyo3g,8,Coco's Restaurant,1.29628821,1.117370892
American (new),guLkdetJ603Bw_A6tuecIg,157,The Henry,25.69585153,24.90140845
American (new),kJFS_3WlP6TFdNUYt6V6FA,12,Cycle,1.951310044,1.755868545
American (new),neEGFNmmKibjExB4_215ZA,113,Brick,18.49061135,17.87793427
American (new),ut-kla-EA23nJOij_dcL0Q,50,California Pizza Kitchen,8.174017467,7.821596244
American (new),ttLtsY1S2Angj6hvEdzwDQ,110,Blue Martini Lounge,17.99934498,17.39906103
American (new),_OYlq2UoKPQO_ElqhC3a8w,113,Lucky Strike,18.49061135,17.87793427
American (new),WjtJAtp19nA61b8LT9uLrA,113,Bink's Midtown,18.49061135,17.87793427
American (new),6xDQaprsX-GMl6umXeILPw,8,101 Bistro,1.29628821,1.117370892
American (new),VapdXuC8X-Q3T_wgA6yCAg,89,Pizza People Pub,14.56048035,14.04694836
American (new),wl51t6lT7leiX64SlkOx6g,185,Pita Jungle,30.28100437,29.37089202
American (new),4Y9-JiDz9EVR_-UkUv4dYg,107,Culinary Dropout,17.5080786,16.92018779
American (new),qbEJeRvytnBo5BGG1R5kGg,107,Daily Dose Midtown,17.5080786,16.92018779
American (new),HrSowDDXw71VD_d-4g7I5g,209,The Yard,34.21113537,33.20187793
American (new),yC6OzkWd3bzHfcMZm7WpWQ,91,The Vig Fillmore,14.88799127,14.36619718
American (new),#NAME?,114,Quiessence Restaurant,18.65436681,18.03755869
American (new),NcAI7SE1SNlrOEfFg9Wzuw,30,Ghost Lounge,4.898908297,4.629107981
American (new),5niUestkeI0tBcBAv4SyKw,98,Pita Jungle,16.03427948,15.48356808
American (new),ekguRa1QybpUaMHqc5vmAw,14,Antars Sports Bistro,2.278820961,2.075117371
American (new),i98vDwJCbC4RHvDo0_XQuw,7,Dennys,1.132532751,0.957746479
American (new),Ou5Moz82ivJ6-UUsNuy1Wg,2,Great American Grill,0.313755459,0.159624413
American (new),6R64RobXc6wzbKHmZtGo_A,30,Coach's Corner Grill,4.898908297,4.629107981
American (new),Ydc74ermKp1L4fYOrPvzXw,13,Stoudemire's Downtown,2.115065502,1.915492958
American (new),aZe9f7korrhFTNMPxVbMXA,4,Vaquero's Carne Asada,0.641266376,0.478873239
American (new),JUXPQQshoOV5LUKLtCrOtw,21,Our Gang Sports Saloon & Grill,3.42510917,3.192488263
American (new),TCqkBVN84Ek0oLmZGAX5xA,46,Lisa G Cafe and Wine Bar,7.518995633,7.183098592
American (new),k_aOcqWOHWprjs7ykdzlAQ,53,Jose Roux,8.665283843,8.300469484
American (new),GHYOl_cnERMOhkCK_mGAlA,138,Kitchen 56,22.58449782,21.8685446
American (new),3EEVGDngt4DEhoOQZIUNUw,25,Arcadia Farms Cafe,4.080131004,3.830985915
American (new),muCl5p-9ut1sY0aKeUeRhw,170,Cheuvront,27.82467249,26.97652582
American (new),I4bSn5gXsHuSPu7L-d_8nQ,457,Beckett's Table,74.82248908,72.78873239
American (new),adEJYiysRmK8eDqnHP9N6A,5,Carl's Jr 7091,0.805021834,0.638497653
American (new),i213sY5rhkfCO8cD-FPr1A,115,BJ's Restaurant & Brewhouse,18.81812227,18.1971831
American (new),klCQ1ytgmCgJ1KvlR5Y0_w,53,GreenMix,8.665283843,8.300469484
