cuisine,name,value,nvalue
Mexican,3 Margaritas,6,0.798122066
Mexican,32nd Cafe,6,0.798122066
Mexican,Acapulco Mexican Grill,6,0.798122066
Mexican,Ajo Al's Mexican Cafe,68,10.69483568
Mexican,Amando's Bros,6,0.798122066
Mexican,America's Taco Shop,476,75.50234742
Mexican,Angelinas Mexican Food,3,0.319248826
Mexican,Armando's Mexican Food,52,7.661971831
Mexican,Arriba Mexican Grill,217,34.31924883
Mexican,Asadero Norte De Sonora,19,2.873239437
Mexican,Asadero Toro,29,4.469483568
Mexican,Asi Es La Vida,101,15.96244131
Mexican,Aunt Chilada's,206,32.72300469
Mexican,Aya & Peilas,2,0.159624413
Mexican,AZTECA Bakeries & Restaurant,28,4.309859155
Mexican,Baja Fresh Mexican Grill Mexican Grill,3,0.319248826
Mexican,Baja Fresh Mexican Grill,50,7.502347418
Mexican,Baja Fresh,1,0
Mexican,Baja Loco Mesquite Grill & Cantina,17,2.55399061
Mexican,Bajio Mexican Grill,41,6.384976526
Mexican,Barrio Cafe,106,16.76056338
Mexican,Barrio Caf?,488,77.7370892
Mexican,Barrio Cantina & Grill,39,6.0657277
Mexican,Big Burrito Mexican Food,2,0.159624413
Mexican,Big Burrito,6,0.798122066
Mexican,Birria Estilo Michoacan,5,0.638497653
Mexican,Birrieria Obregon,7,0.957746479
Mexican,Black Chile Mexican Grill,81,12.76995305
Mexican,Blanco Rapido,3,0.319248826
Mexican,Blanco Tacos And Tequila,127,19.95305165
Mexican,Blanco,23,3.511737089
Mexican,Blue Agave Mexican Cantina,103,16.28169014
Mexican,Blue Burrito Grille,53,8.300469484
Mexican,Burrito Bandito III,6,0.798122066
Mexican,Burrito Bandito,20,3.03286385
Mexican,Cafe Los Dos Y Cantina,123,19.4741784
Mexican,Cafe Rio Mexican Grill,72,11.33333333
Mexican,Canyon Cafe,161,25.5399061
Mexican,Caramba Fresh Mexican Food,48,7.502347418
Mexican,Carlos O'Briens,73,11.49295775
Mexican,Carlos O'Brien's,79,12.45070423
Mexican,Carolina's Mexican Food,292,46.45070423
Mexican,Carolina's,192,30.48826291
Mexican,Carte Blanche Gourmet Taco,9,1.276995305
Mexican,CC'S Mesquite Broiler,20,3.03286385
Mexican,Chayo's Mexican Kitchen,2,0.159624413
Mexican,Chevys Fresh Mex Restaurant,8,1.117370892
Mexican,Chi Chi's Tacos,5,0.638497653
Mexican,Chico's Tacos,56,8.779342723
Mexican,Chili's Grill & Bar,28,4.309859155
Mexican,Chino Bandido,572,91.14553991
Mexican,Chipotle Mexican Grill,161,25.06103286
Mexican,Chipotle,61,9.417840376
Mexican,Chuy's Mesquite Broiler,51,7.342723004
Mexican,Clarendon Kitchen + Bar C4,23,3.511737089
Mexican,Cocina 10,7,0.957746479
Mexican,Comedor Guadalajara,142,22.50704225
Mexican,Corazon Mexican Cocina,5,0.638497653
Mexican,Corona Urban Cantina,9,1.276995305
Mexican,Crescent Ballroom,204,32.40375587
Mexican,Del Taco,77,11.01408451
Mexican,Dick's Hideaway,314,49.96244131
Mexican,Don Jose Mexican Food,51,7.981220657
Mexican,Dora's Kitchen,3,0.319248826
Mexican,El Bravo,114,17.87793427
Mexican,El Chiltepin Mexican Food,5,0.638497653
Mexican,El Conquistador,19,2.873239437
Mexican,El Encanto DOS,63,9.896713615
Mexican,El Goloso Hot Dogs,4,0.478873239
Mexican,El Gran Taco,7,0.957746479
Mexican,El Mana Restaurant,3,0.319248826
Mexican,El Mas Sabroso Mexican Food,7,0.957746479
Mexican,El Mesquite Restaurant,21,3.192488263
Mexican,El Nopalito,34,5.267605634
Mexican,El Norte±o,41,6.384976526
Mexican,El Nuevo Taquito,7,0.798122065
Mexican,El Pacifico Restaurante Y Pescaderia,13,1.915492958
Mexican,El Patron,9,1.276995305
Mexican,El Pollo Loco,52,7.342723005
Mexican,El Portal Restaurant,7,0.957746479
Mexican,El Portal,15,2.234741784
Mexican,El Ranchero Mexican Restaurant,6,0.798122066
Mexican,El Rinconcito Mexican Food,11,1.596244131
Mexican,El Taco Feliz,2,0.159624413
Mexican,El Taco Tote,30,4.629107981
Mexican,Eribertos Mexican Food,39,5.906103286
Mexican,Fajitas A Sizzlin Celebration,107,16.92018779
Mexican,Federicos Mexican Food,38,5.746478873
Mexican,Federico's Mexican Food,48,7.023474179
Mexican,Fiesta Grill,4,0.478873239
Mexican,filabertos,4,0.478873239
Mexican,Filiberto's Mexican Food Restaurant,16,2.394366197
Mexican,Filibertos Mexican Food,14,2.075117371
Mexican,Filiberto's Mexican Food,80,11.81220657
Mexican,Filibertos Mexican Restaurant,6,0.798122066
Mexican,Filiberto's Mexican Rest,4,0.478873239
Mexican,Filibertos,3,0.319248826
Mexican,Filiberto's,29,3.990610329
Mexican,Fresca's Mexican Grill,5,0.638497653
Mexican,Fuego CityScape,74,11.65258216
Mexican,Gadzooks Enchiladas & Soup,176,27.9342723
Mexican,Gallo Blanco,710,113.1737089
Mexican,Garcia's Mexican Restaurant,26,3.990610329
Mexican,Garcia's Mexican Restaurants,33,4.948356807
Mexican,Gil's Taste of Taos,31,4.788732394
Mexican,Gordas Baja Taco,35,5.427230047
Mexican,Gorditas El Tio,16,2.394366197
Mexican,Hacienda Restaurant,5,0.638497653
Mexican,Hal O. Peno's Mexican Cafe,3,0.319248826
Mexican,Humberto's Mexican Food,24,3.511737089
Mexican,International House of Food,17,2.55399061
Mexican,Jesters Mexican Grill,22,3.352112676
Mexican,Jordan's Mexican Food,30,4.469483568
Mexican,Juan's Authentic Mexican Food,76,11.97183099
Mexican,Julio G's Tatum,44,6.863849765
Mexican,Julioberto's,53,7.821596245
Mexican,Julio's Too,28,4.309859155
Mexican,Ketzal Mexican Grill,24,3.51173709
Mexican,Kokopelli Mexican Grill,4,0.478873239
Mexican,La 15 Y Salsas,14,2.075117371
Mexican,La Barquita,42,6.544600939
Mexican,La Canasta Capitolio,28,4.309859155
Mexican,La Canasta Mexican Foods,57,8.938967136
Mexican,La Canasta,16,2.234741784
Mexican,La Carreta De Lily,3,0.319248826
Mexican,La Cocina Economica,9,1.276995305
Mexican,La Frontera,29,4.469483568
Mexican,La Huasteca Mexican Foods,2,0.159624413
Mexican,La Oaxaquena Mexican Restaurant,11,1.596244131
Mexican,La Olmeca Restaurant,7,0.957746479
Mexican,La Paloma Mexican Food,8,1.117370892
Mexican,La Parilla Villa Catering,16,2.394366197
Mexican,La Parrilla Suiza,87,13.56807512
Mexican,La Pi±ata,80,12.61032864
Mexican,La Reina Michoacana,3,0.319248826
Mexican,La Salsita,16,2.394366197
Mexican,La Salsita's Mexican Food,18,2.713615023
Mexican,La Salsitas,5,0.638497653
Mexican,La Santisima Gourmet Taco Shop,419,66.72300469
Mexican,La Sonorense Tortilla Factory,3,0.319248826
Mexican,La Tolteca Mexican Foods,127,20.11267606
Mexican,La Tortotota,11,1.596244131
Mexican,La Tradicion Restaurant,3,0.319248826
Mexican,Las Brazas,3,0.319248826
Mexican,Las Cazuelas Mexican Food Restaurant,8,1.117370892
Mexican,Las Glorias Grill,72,11.33333333
Mexican,Las Glorias Restaurant,17,2.55399061
Mexican,Las Islas Del Capitan,4,0.478873239
Mexican,Lenero Mexican Grill,47,7.342723005
Mexican,Loco Patron,42,6.544600939
Mexican,Los Alamos Mexican Food,20,3.03286385
Mexican,Los Armandos Asadero Y Mariscos,8,1.117370892
Mexican,Los Armandos,14,2.075117371
Mexican,Los Betos Mexican Food,16,2.394366197
Mexican,Los Burritos,20,3.03286385
Mexican,Los Cerritos,12,1.755868545
Mexican,Los Compadres Mexican Food,86,13.56807512
Mexican,Los Compadres,21,3.192488263
Mexican,Los DOS Amigos Restaurant,3,0.319248826
Mexican,Los Dos Molinos,329,52.03755868
Mexican,Los Jarritos Restaurant,12,1.755868545
Mexican,Los Kikos,5,0.638497653
Mexican,Los Portales,4,0.478873239
Mexican,Los Reyes De La Torta,334,52.99530516
Mexican,Los Taquitos,410,65.12676056
Mexican,Losbetos Mexican Food,6,0.798122066
Mexican,Luncha Libre Gourmet Food Truck,38,5.906103286
Mexican,Lydias La Canasta  Mexican Restaurant,10,1.436619718
Mexican,Macayo's Mexican Kitchen,182,28.41314554
Mexican,Mama Lola's Tortillas,2,0.159624413
Mexican,Manuel's Mexican Restaurant & Cantina,3,0.319248826
Mexican,Manuel's Mexican Restaurant,143,22.34741784
Mexican,Mariscos Acapulco,11,1.596244131
Mexican,Mariscos Altata,12,1.755868545
Mexican,Mariscos Chihuahua,9,1.276995305
Mexican,Mariscos Ensenada 7,4,0.478873239
Mexican,Mariscos Ensenada,13,1.755868544
Mexican,Mariscos Playa Hermosa,147,23.30516432
Mexican,Mariscos Vuelve a La Vida,22,3.192488263
Mexican,Matador Restaurant,41,6.384976526
Mexican,Maya Mexican Antonjitos Snacks,3,0.319248826
Mexican,Mercado Y Carniceria Sepulved A,5,0.638497653
Mexican,Mi Amigo's Mexican Grill,67,10.53521127
Mexican,Mi Familia Mexican Food,46,7.183098592
Mexican,Mi Patio Mexican Restaurant,224,35.59624413
Mexican,Mi Pueblo Mexican Food,35,5.427230047
Mexican,Mi Pueblo,52,8.14084507
Mexican,Milagro Grill,116,18.35680751
Mexican,Mim's Burger & Mexican Food,23,3.511737089
Mexican,Modern Margarita,89,14.04694836
Mexican,Mr Leno,13,1.915492958
Mexican,Mr. Triny Sonora Hot Dogs,3,0.319248826
Mexican,Nogales Hot Dogs,7,0.957746479
Mexican,Oasis Raspados,5,0.638497653
Mexican,Oaxaca Restaurante Y Cantina,24,3.671361502
Mexican,Oaxaca Restaurant,4,0.478873239
Mexican,Oaxaca Sky Harbor,14,2.075117371
Mexican,On The Border Mexican Grill & Cantina,57,8.779342723
Mexican,Otro Cafe,141,22.34741784
Mexican,Padre's Modern Mexican Cuisine,126,19.95305164
Mexican,Panaderia Y Tortilleria,5,0.638497653
Mexican,Pancho Taqueria,7,0.957746479
Mexican,Pancho's Mexican Buffet,23,3.511737089
Mexican,Paradise Valley Burger Company,207,32.88262911
Mexican,Pepe El Toro Mexican Food,3,0.319248826
Mexican,Pepe's Taco Villa,39,6.0657277
Mexican,Picosito Mexican Grill,13,1.915492958
Mexican,Pitic Restaurant,25,3.830985915
Mexican,Plaza Bonita,46,7.183098592
Mexican,Poblano,22,3.352112676
Mexican,Polibertos,23,3.511737089
Mexican,Pollo Correteado Restuarant El,3,0.319248826
Mexican,Poncho's Mexican Food,94,14.84507042
Mexican,Popo's Fiesta Del Sol,27,4.150234742
Mexican,Popo's Mexican Food,30,4.629107981
Mexican,Pozoleria Guerrero,3,0.319248826
Mexican,Qdoba Mexican Grill,79,11.97183099
Mexican,Ramiros Mexican Food,5,0.638497653
Mexican,Ramiro's Mexican Food,12,1.596244132
Mexican,Rancho Papa Chulo's,8,1.117370892
Mexican,Regio's Mexican Food,25,3.830985915
Mexican,Revo Burrito,125,19.79342723
Mexican,Richardson's Cuisine of New Mexico,88,13.88732394
Mexican,Richardson's,139,22.02816901
Mexican,Rita's Mexican Food,40,6.225352113
Mexican,Rito's Market & Mexican Take Out,132,20.91079812
Mexican,Roberto's Mexican Food,18,2.713615023
Mexican,Rock-n-Taco,5,0.638497653
Mexican,Rokerij,324,51.55868545
Mexican,Rolando's Mexican Food,23,3.511737089
Mexican,Rolberto's,12,1.755868545
Mexican,Rolibertos Mexican Food,6,0.798122066
Mexican,Romero's Mexican Food,3,0.319248826
Mexican,Rosita's Place,109,17.23943662
Mexican,Rubio's Fresh Mexican Grill,133,20.27230047
Mexican,Sabroso Fresh Mexican Grill,21,3.192488263
Mexican,Salsa Y Mas,5,0.638497653
Mexican,Salsas Y Sombreros,2,0.159624413
Mexican,Salsitas,3,0.319248826
Mexican,San Carlos Bay Seafood Restaurant,27,4.150234742
Mexican,San Felipes Cantina,33,5.107981221
Mexican,San Gabriel Mexican Caf?,11,1.596244131
Mexican,Santanas Mexican Food,3,0.319248826
Mexican,Secreto,93,14.68544601
Mexican,Sierra Bonita Grill,193,30.64788732
Mexican,Sinaloa,14,2.075117371
Mexican,Sir Veza's Taco Garage,33,5.107981221
Mexican,Sonora Mesquite Grill,143,22.66666667
Mexican,Susie's Mexican Cafe & Lounge,7,0.957746479
Mexican,Sylvia's La Canasta Mexican Restaurant,107,16.92018779
Mexican,Sylvia's La Canasta,3,0.319248826
Mexican,Taberna del Tequila,29,4.469483568
Mexican,Taberna Del Tequileria,45,7.023474178
Mexican,Ta'Carbon,17,2.55399061
Mexican,Taco Bell,105,13.24882629
Mexican,Taco Del Mar,8,1.117370892
Mexican,Taco Feliz Mexican Food,8,1.117370892
Mexican,Taco Guild,176,27.9342723
Mexican,Taco Mex,8,1.117370892
Mexican,Tacos Atoyac,281,44.69483568
Mexican,Tacos Chava,5,0.638497653
Mexican,Tacos De Juarez,50,7.821596244
Mexican,Tacos Kissi,18,2.713615023
Mexican,Tacos La Hacienda,13,1.915492958
Mexican,Tacos La Lomita,7,0.798122065
Mexican,Tacos Mexico,3,0.319248826
Mexican,Tacos Sahuayo,27,4.150234742
Mexican,Tacos Sonora Grill,15,2.234741784
Mexican,Taqueria Guadalajara,11,1.596244131
Mexican,Taqueria Los Yaquis,40,6.225352113
Mexican,Taqueria Y Birrieria Jalisco,3,0.319248826
Mexican,Taqueria Yaqui,2,0.159624413
Mexican,Tediberto's,21,3.192488263
Mexican,Tee Pee Mexican Food,190,30.16901408
Mexican,Tee Pee Tap Room,17,2.55399061
Mexican,The Original Burrito Co,110,17.39906103
Mexican,The Original Garcia's,78,12.29107981
Mexican,The Stand,221,35.11737089
Mexican,The Tamale Store,52,8.14084507
Mexican,Top Shelf,34,5.267605634
Mexican,Torta Rica,2,0.159624413
Mexican,Tortas El G?ero,7,0.957746479
Mexican,Tortas El Guero,54,8.460093897
Mexican,Tortas el Rey,25,3.830985915
Mexican,Tortas El Tri,2,0.159624413
Mexican,Tortas Paquime,42,6.225352112
Mexican,Tradiciones,50,7.821596244
Mexican,Two Hippies Beach House - Bell Road,11,1.596244131
Mexican,Two Hippies Beach House Outrageous Tacos and Burritos,145,22.98591549
Mexican,Two Hippies Beach House,12,1.755868545
Mexican,Two Hippies Groovy Beach House,4,0.478873239
Mexican,Uno Mas Mexican Grill,5,0.638497653
Mexican,Valle Luna,232,36.71361502
Mexican,Vaqueros Carne Asada,21,3.192488263
Mexican,Vaquero's Carne Asada,4,0.478873239
Mexican,Verde,49,7.661971831
Mexican,Via Delosantos,133,21.07042254
Mexican,Vitamin T,52,8.14084507
Mexican,Z'Tejas Grill,106,16.76056338
Italian,Affinito's Bistro,4,0.478873239
Italian,Aiello's Salumeria,32,4.948356808
Italian,Aiello's,109,17.23943662
Italian,Alexi's Grill,55,8.61971831
Italian,Amano Pizza Bistro,61,9.577464789
Italian,Amante Pizza and Pasta,17,2.55399061
Italian,Angie & Jimmie's Italian Pizza,43,6.704225352
Italian,Anzios Italian Restaurant,75,11.81220657
Italian,Arrivederci Trattoria,52,8.14084507
Italian,Avanti,73,11.49295775
Italian,Babbo Italian Eatery,114,18.03755869
Italian,Barro's Pizza,114,17.39906103
Italian,Belfiore's Italian Ristorante,54,8.460093897
Italian,Bell' Italia Pizzeria,49,7.661971831
Italian,Brad's Place,15,2.234741784
Italian,Cafe La Bella,5,0.638497653
Italian,Cafe Roma,37,5.586854461
Italian,Cafepino,109,17.23943662
Italian,Caffe Boa Ahwatukee,85,13.4084507
Italian,Caffe Daniel,33,5.107981221
Italian,Calabria Italian Kitchen,32,4.948356808
Italian,Carmella's Italian Kitchen and Bar,8,1.117370892
Italian,Carmine's Little Italy Pizza & Pasta,4,0.478873239
Italian,Cave & Ives,37,5.746478873
Italian,Central Bistro,136,21.54929577
Italian,Centurion,168,26.657277
Italian,Cherryblossom Noodle Cafe,423,67.36150235
Italian,Christos Ristorante,50,7.821596244
Italian,Cibo,882,140.629108
Italian,CiCi's Pizza,18,2.713615023
Italian,Crudo,161,25.5399061
Italian,Crust Pizzeria & Ristorante,60,9.417840376
Italian,Daniel's Italian Cuisine,5,0.638497653
Italian,Different Pointe of View,149,23.62441315
Italian,DiVito's Pizzeria And Italian Restaurant,23,3.511737089
Italian,Dolce Espresso Video Coffee Bar,18,2.713615023
Italian,Famous Ray's Pizza,60,9.417840376
Italian,Fatso's Pizza,57,8.938967136
Italian,Federal Pizza,315,50.12206573
Italian,Fiorella's,28,4.309859155
Italian,Fired Pie,121,18.99530516
Italian,Florencia Pizza Bistro,60,9.417840376
Italian,Focaccia Fiorentina,39,6.0657277
Italian,Frank's Pizza & Wings,18,2.713615023
Italian,Fusilli's,8,1.117370892
Italian,Gasper's Casual Italian Dining and Pizzeria,76,11.97183099
Italian,Giuseppe's On 28th,183,29.05164319
Italian,Gretalian,4,0.478873239
Italian,Harley's Italian Bistro,101,15.96244131
Italian,Humble Pie,253,40.0657277
Italian,Il Posto,63,9.896713615
Italian,Isa's Pizza,33,5.107981221
Italian,Jerry Tucci's Brick Oven Pizzeria,3,0.319248826
Italian,Joey's California Bistro,25,3.830985915
Italian,King Solomon's Pizza,15,2.234741784
Italian,La Fontanella Restaurant,51,7.981220657
Italian,La Grande Orange,119,18.83568075
Italian,La Piazza Locale,61,9.577464789
Italian,La Piccola Cucina,91,14.36619718
Italian,L'amore,44,6.863849765
Italian,Le Ragazze,20,3.03286385
Italian,Luke's of Chicago's,87,13.72769953
Italian,Mamma Mia Brick Oven Pizza & Pasta,155,24.58215962
Italian,Meatballz,30,4.309859155
Italian,Miami Cafe,11,1.596244131
Italian,Michelina's Ristorante Costa Campagnia,24,3.671361502
Italian,My Pie,76,11.97183099
Italian,Neapolitan Wood Fired Italian,26,3.990610329
Italian,Nellos Pizza,74,11.65258216
Italian,Nick's,72,11.33333333
Italian,noca,272,43.25821596
Italian,Nook,104,16.44131455
Italian,North Italia,233,37.03286385
Italian,NYPD Pizza,106,16.76056338
Italian,Olive Garden Italian Restaurant,124,19.15492958
Italian,Oregano's Pizza Bistro,325,51.55868545
Italian,Our Family's Bistro,22,3.352112676
Italian,Palermos Pizza,8,1.117370892
Italian,Pane Bianco,308,49.00469484
Italian,Papa Christo's,16,2.394366197
Italian,Papa John's Pizza,7,0.798122065
Italian,Pasta and Sugo,13,1.915492958
Italian,Pasta Pomodoro,4,0.478873239
Italian,PastaBAR,102,16.12206573
Italian,Pat's Pizza Plus,62,9.737089202
Italian,Peter Piper Pizza,14,2.075117371
Italian,Pezzano's Pizza,36,5.58685446
Italian,Phoenix House Of Pizza And Subs,9,1.276995305
Italian,Picazzo's Organic Italian Kitchen,80,12.45070422
Italian,Pino's Pizza Al Centro,107,16.92018779
Italian,Pizza a Metro,210,33.36150235
Italian,Pizza by Napoli,40,6.225352113
Italian,Pizza Heaven Bistro,118,18.67605634
Italian,Pizza Hut,4,0.478873239
Italian,Pizza Mia,10,1.436619718
Italian,Pizza People Food Truck,30,4.629107981
Italian,Pizzeria Bianco,1243,198.0938967
Italian,Pomo Pizzeria Napoletana,208,33.04225352
Italian,Postino Arcadia,797,127.0610329
Italian,Postino Central,512,81.56807512
Italian,Pronto Pizza,3,0.319248826
Italian,Raffaele's Pizza,47,7.342723005
Italian,Raimondo's,14,2.075117371
Italian,Ray's Pizza,14,2.075117371
Italian,Red Devil,129,20.27230047
Italian,Red Tomato,5,0.638497653
Italian,Rinaldi's Italian Deli,34,5.267605634
Italian,Ristorante Tuscany,17,2.55399061
Italian,Rkidds Pizza & Wings,11,1.596244131
Italian,Roma Garden Ristorante,88,13.88732394
Italian,Romano's Macaroni Grill,100,15.48356808
Italian,Rosati's Pizza,47,7.342723005
Italian,Ruffino Italian Cuisine,50,7.821596244
Italian,Salute Ristorante Italiano,45,7.023474178
Italian,Sam's Chicago Style Pizza & Wings,12,1.755868545
Italian,Sano Brick Pizza,16,2.394366197
Italian,Sardella's Pizza & Wings,41,6.384976526
Italian,Sauce - Pizza & Wine,49,7.661971831
Italian,Sauce Pizza & WIne,60,9.417840376
Italian,Sauce,67,10.53521127
Italian,SOLO Trattoria,100,15.8028169
Italian,Spasso Pizza & Mozzarella Bar,35,5.427230047
Italian,Spinato's Pizza,349,55.23004694
Italian,Spinato's Pizzeria,139,22.02816901
Italian,Streets of New York,174,26.33802817
Italian,Stumpys Pizza,80,12.61032864
Italian,That Italian Place,5,0.638497653
Italian,That's Italiano,7,0.957746479
Italian,The Italian Spoon,4,0.478873239
Italian,The Old Spaghetti Factory,166,26.33802817
Italian,The Parlor,591,94.17840376
Italian,The Skinny Italian Kitchen,35,5.427230047
Italian,The Strand,103,16.28169014
Italian,Times Square Pizzeria,148,23.46478873
Italian,Tomaso's,52,8.14084507
Italian,Tommy V's Osteria and Pizzeria,37,5.746478873
Italian,Tony Pizzeria Italian Restaurant,7,0.957746479
Italian,Tony's Italian Delicatessen,12,1.755868545
Italian,Trattoria Bianco,4,0.478873239
Italian,Tutti Santi by Nina,77,12.1314554
Italian,Uncle Tony's Pizza,19,2.873239437
Italian,Upper Crust Pizza,186,29.53051643
Italian,Va Bene,108,17.07981221
Italian,Villa Italia Ristoranti,8,1.117370892
Italian,Vincent's Famous Pizza & Restaurant,15,2.234741784
Italian,Vincent's,58,9.098591549
Italian,Zella's Pizza And Cheesesteaks,4,0.478873239
Chinese,101 Asian Buffet,34,5.267605634
Chinese,A A Wok,5,0.638497653
Chinese,Abacus Inn Chinese Restaurant,13,1.915492958
Chinese,Abacus Inn,38,5.906103286
Chinese,Asia Lee Chinese Restaurant,28,4.309859155
Chinese,Asian Cafe,24,3.671361502
Chinese,Asian Seafood Buffet,10,1.436619718
Chinese,Autumn Court Chinese Restaurant,77,12.1314554
Chinese,Bamboo China Restaurant,19,2.873239437
Chinese,Bamboo Grille,30,4.629107981
Chinese,Bamboo House,55,8.61971831
Chinese,Beijing Beijing,4,0.478873239
Chinese,Beijing Garden Chinese,20,3.03286385
Chinese,Best Wok Buffet,10,1.436619718
Chinese,Big Heng,10,1.436619718
Chinese,Canton Dragon,10,1.436619718
Chinese,Canton Wong #2,2,0.159624413
Chinese,Canton Wong #8,24,3.671361502
Chinese,Canton Wong,10,1.436619718
Chinese,Chen & Wok,79,12.29107981
Chinese,Chen Wok Express,20,3.03286385
Chinese,China Buffet 2000,3,0.319248826
Chinese,China Buffet,4,0.478873239
Chinese,China Chan Restaurant,33,5.107981221
Chinese,China Chili,198,31.44600939
Chinese,China City Super Buffet,10,1.436619718
Chinese,China Garden Restaurant,13,1.915492958
Chinese,China Harvest Buffet,19,2.873239437
Chinese,China Inn,3,0.319248826
Chinese,China Olive,5,0.638497653
Chinese,China Restaurant,21,3.192488263
Chinese,China Star Super Buffet,10,1.436619718
Chinese,China Super Buffet,3,0.319248826
Chinese,China Village,34,5.267605634
Chinese,Chinese Gourmet Buffet,6,0.798122066
Chinese,Chino Bandido,572,91.14553991
Chinese,Chop Chop Chinese Kitchen,2,0.159624413
Chinese,COFCO Chinese Culture Center,33,5.107981221
Chinese,Crown China Super Buffet,18,2.713615023
Chinese,Dao Kitchen Asian Bistro,32,4.948356808
Chinese,Desert Jade,91,14.36619718
Chinese,Diamond's Chinese Restaurant,46,7.183098592
Chinese,Dragon Bowl,23,3.511737089
Chinese,Dragon Chinese Restaurant,12,1.755868545
Chinese,Dragon Island Chinese Restaurant,15,2.234741784
Chinese,Dragon Palace,72,11.33333333
Chinese,Eastern Buffet,7,0.957746479
Chinese,E-Z Buffet,22,3.352112676
Chinese,Fate 905,78,12.29107981
Chinese,Flamingo Palace,77,12.1314554
Chinese,Flo's Shanghai Cafe,7,0.957746479
Chinese,Garden Express,3,0.319248826
Chinese,George and Sons,51,7.981220657
Chinese,Go Go China,23,3.511737089
Chinese,Golden Bowl Chinese Food,6,0.798122066
Chinese,Golden Buddha,112,17.71830986
Chinese,Golden China,12,1.755868545
Chinese,Golden Coin,11,1.596244131
Chinese,Golden Moon Palace Restaurant,7,0.957746479
Chinese,Golden Nugget Chinese Buffet,3,0.319248826
Chinese,Golden Panda,6,0.798122066
Chinese,Golden Phoenix Chinese Restaurant,43,6.704225352
Chinese,Golden Wok Chinese Restaurant,25,3.830985915
Chinese,Good China Restaurant,23,3.511737089
Chinese,Gourmet House of Hong Kong,64,10.05633803
Chinese,Great China Super Buffet,13,1.915492958
Chinese,Great Dragon Restaurant,11,1.596244131
Chinese,Great Wall Buffet Two Corporation,8,1.117370892
Chinese,Great Wall Buffet,19,2.873239437
Chinese,Great Wall Cuisine,140,22.18779343
Chinese,Great Wok,37,5.746478873
Chinese,Hao Bao,27,4.150234742
Chinese,Happy Food,16,2.234741784
Chinese,Hibachi Grill & Supreme Buffet,57,8.779342723
Chinese,Hong Kong Chinese Cuisine,10,1.436619718
Chinese,Hong Kong Express Chinese Food,3,0.319248826
Chinese,Hong Kong Express,17,2.55399061
Chinese,Hong Kong Gourmet Buffet,82,12.92957746
Chinese,Hong Kong Kitchen 3,13,1.915492958
Chinese,Hong Kong Restaurant,24,3.671361502
Chinese,Hsin Cafe,28,4.309859155
Chinese,Imperial Garden Chinese Buffett,3,0.319248826
Chinese,International House of Food,17,2.55399061
Chinese,Iron Chef,100,15.8028169
Chinese,Jade Fine Chinese Dining,8,1.117370892
Chinese,Jumbo Buffet,24,3.671361502
Chinese,King Wong Chinese Food,46,7.183098592
Chinese,Kwan & Wok Chinese Restaurant,14,2.075117371
Chinese,Lao Ching Hing,38,5.906103286
Chinese,Lim's Chinese Buffet,16,2.394366197
Chinese,Lim's Chinese Restaurant,13,1.915492958
Chinese,Ling and Louie's Kitchen,36,5.58685446
Chinese,Lin's Golden Chinese Restaurant,9,1.276995305
Chinese,Li's Bowl,57,8.938967136
Chinese,Little Dragon Chinese Restaurant,12,1.755868545
Chinese,Little Peking,25,3.830985915
Chinese,Little Shanghai,31,4.788732394
Chinese,Liyuen,5,0.638497653
Chinese,Long Wong's Restaurant,43,6.704225352
Chinese,Lucky Kitchen,35,5.427230047
Chinese,Marcia's Long Wongs,7,0.957746479
Chinese,Maxim Restaurant,99,15.64319249
Chinese,May Garden Restaurant,11,1.596244131
Chinese,Ming's Pagoda,25,3.830985915
Chinese,Mister Wong,20,3.03286385
Chinese,Mr Chao's Asian Bistro,33,5.107981221
Chinese,Mu Shu Asian Grill,61,9.577464789
Chinese,Nee House Chinese Restaurant,99,15.64319249
Chinese,New Asian Kitchen,41,6.384976526
Chinese,New China Buffet,8,1.117370892
Chinese,New China Super Buffet,36,5.58685446
Chinese,New King Wah Chinese Buffet,7,0.957746479
Chinese,New Sun Star Super Buffet,6,0.798122066
Chinese,Ninja Bowl,9,1.276995305
Chinese,Noodle & Rice,77,12.1314554
Chinese,North China Restaurant,20,3.03286385
Chinese,Oriental Express,21,3.192488263
Chinese,P F Chang's China Bistro,66,10.37558685
Chinese,Pacific Gardens,41,6.384976526
Chinese,Pan Asia Sushi Chinese Fusion,78,12.29107981
Chinese,Panda Express,104,14.20657277
Chinese,Panda Garden,36,5.58685446
Chinese,Panda Gourmet,4,0.478873239
Chinese,Pei Wei Asian Diner,168,26.17840376
Chinese,Pei Wei Asian Market,50,7.821596244
Chinese,Pei Wok,12,1.755868545
Chinese,Peter Wong Chinese Restaurant,8,1.117370892
Chinese,Pick Up Stix,20,2.713615023
Chinese,Pink Lotus Express,17,2.55399061
Chinese,Pong Pong,23,3.511737089
Chinese,Red Dragon Chinese and Mexican Food,4,0.478873239
Chinese,Red Wok Buffet,36,5.58685446
Chinese,Rice To You,10,1.436619718
Chinese,Royal Buffet,4,0.478873239
Chinese,Segal's Oasis Grill,5,0.638497653
Chinese,Shanghai Buffet,53,8.300469484
Chinese,Shanghai Express,6,0.798122066
Chinese,Shangri-La Chinese,34,5.267605634
Chinese,Sing High Chop Suey House,53,8.300469484
Chinese,Siu Wok,70,11.01408451
Chinese,Snoh Ice Shavery,176,27.9342723
Chinese,South China BBQ Hong Kong Style,9,1.276995305
Chinese,South China Buffet,8,1.117370892
Chinese,South China Express,3,0.319248826
Chinese,Star Wok,4,0.478873239
Chinese,Sun Asian Kitchen,73,11.49295775
Chinese,Super Dragon,45,7.023474178
Chinese,Szechwan Palace,113,17.87793427
Chinese,Taiwan Express,7,0.957746479
Chinese,Tam's,17,2.55399061
Chinese,Tasty House Chinese Restaurant,29,4.469483568
Chinese,The Clever Koi,111,17.55868545
Chinese,The Prime Chinese Restaurant,53,8.300469484
Chinese,The Wok Express,20,3.03286385
Chinese,Wahsun Chinese Restaurant,49,7.661971831
Chinese,Wang Express,26,3.990610329
Chinese,Wong's Chinese Dining,28,4.309859155
Chinese,Wong's Restaurant,41,6.384976526
Chinese,Wongs To Go,1,0
Chinese,Yan's Chinese Food #2,36,5.58685446
Chinese,Yin's Chinese Resturant,11,1.596244131
Chinese,Yunan Wok,11,1.596244131
American (traditional),12th Fairway Bar & Grill,18,2.713615023
American (traditional),16th Street Sports Bar & Grill,40,6.225352113
American (traditional),40th Street Cafe,48,7.502347418
American (traditional),5th Avenue Cafe,86,13.56807512
American (traditional),Alice Cooper'stown,251,39.90610329
American (traditional),AMC Dine-in Theatres Esplanade 14,270,42.93896714
American (traditional),Applebee's Neighborhood Grill & Bar,5,0.638497653
American (traditional),Applebee's,113,17.39906103
American (traditional),Arby's Roast Beef,7,0.798122065
American (traditional),Arcadia Tavern,219,34.79812207
American (traditional),Arizona Club,5,0.638497653
American (traditional),Armadillo Grill,122,19.31455399
American (traditional),A-Town Grill & Eatery,9,1.276995305
American (traditional),Azool Grill,36,5.58685446
American (traditional),Barfly,42,6.544600939
American (traditional),Belvedere American Bar & Grill,9,1.276995305
American (traditional),Big Guy's Sports Grill,38,5.906103286
American (traditional),Bill Johnson's Big Apple Restaurants,18,2.713615023
American (traditional),Bill Johnsons Big Apple,51,7.981220657
American (traditional),Bistro 202,5,0.638497653
American (traditional),Bitter Creek Cafe,13,1.915492958
American (traditional),Black Angus Steakhouse,44,6.863849765
American (traditional),Black Bear Diner,25,3.830985915
American (traditional),Blue 32 Sports Grill,40,6.225352113
American (traditional),Bootleggers Modern American Smokehouse,161,25.5399061
American (traditional),Boston Market,33,4.629107982
American (traditional),Breakfast Club,120,18.99530516
American (traditional),Breakroom Bar & Grill,15,2.234741784
American (traditional),Buffalo Wild Wings,165,25.85915493
American (traditional),Cactus Jack's Bar & Grill,12,1.755868545
American (traditional),Cafe Aroma,23,3.511737089
American (traditional),Caps Sports Grill,30,4.629107981
American (traditional),Casey Jones Grill,61,9.417840375
American (traditional),Chaka Chaka Urban Cuisine,11,1.596244131
American (traditional),Charlie D's Catfish & Chicken,7,0.957746479
American (traditional),Chelsea's Kitchen,741,117.9624413
American (traditional),Chestnut Lane,18,2.713615023
American (traditional),Chick Rotisserie & Wine Bar,33,5.107981221
American (traditional),Chili's Grill & Bar Catering,24,3.671361502
American (traditional),Chili's Grill & Bar,52,7.661971831
American (traditional),Chili's Grill and Bar,2,0.159624413
American (traditional),Chili's Too,23,3.511737089
American (traditional),Chloe's Corner,80,12.61032864
American (traditional),Christopher's Fermier Brasserie & Paola's Wine Bar,7,0.957746479
American (traditional),City Hall Grill,3,0.319248826
American (traditional),CK's Tavern & Grill,106,16.76056338
American (traditional),Claim Jumper,59,9.258215962
American (traditional),Coco's Family Restaurant,44,6.544600939
American (traditional),Coco's Restaurant,8,1.117370892
American (traditional),Copper Door,8,1.117370892
American (traditional),Coppers Sports Grill,1,0
American (traditional),Corbin Bar & Grill,148,23.46478873
American (traditional),Country Boys Restaurants,9,1.276995305
American (traditional),Crudo,161,25.5399061
American (traditional),Culver's,82,12.92957746
American (traditional),Dave & Buster's,72,11.33333333
American (traditional),Deemos American Grill,15,2.234741784
American (traditional),Deer Valley Airport Restaurant,42,6.544600939
American (traditional),Dennys,13,1.915492958
American (traditional),Denny's,3,0.319248826
American (traditional),Desert Springs Brewing Company,13,1.915492958
American (traditional),Devil's Greens,3,0.319248826
American (traditional),Dick Clark's Bar and Grill,10,1.436619718
American (traditional),Different Pointe of View,149,23.62441315
American (traditional),Down South Restaurant,9,1.276995305
American (traditional),Euro Grill,10,1.436619718
American (traditional),Farm At South Mountain,168,26.657277
American (traditional),Fast Eddie's Diner,45,7.023474178
American (traditional),Fatburger,18,2.713615023
American (traditional),Feeney's Restaurant and Bar,90,14.20657277
American (traditional),First Watch,113,17.71830986
American (traditional),Fox News Sky Box,36,5.58685446
American (traditional),Fox Sports Grill,21,3.192488263
American (traditional),Friday's Front Row Sports Grill,61,9.577464789
American (traditional),Fry's Food Store,17,2.55399061
American (traditional),Fuddruckers,28,4.309859155
American (traditional),Gallagher's Sports Grill,50,7.821596244
American (traditional),Gallagher's,84,13.08920188
American (traditional),Game Seven Grill,20,3.03286385
American (traditional),George & Dragon II English Restaurant Pub,10,1.436619718
American (traditional),George's Famous Gyros & Pasta,30,4.629107981
American (traditional),Gertrude's,107,16.92018779
American (traditional),Golden Corral,17,2.55399061
American (traditional),Good Fellas Grill,133,21.07042254
American (traditional),Gordon Biersch,65,10.21596244
American (traditional),Half Moon Sports Grill,101,15.96244131
American (traditional),Hard Rock Cafe,69,10.85446009
American (traditional),Harem Lounge,35,5.427230047
American (traditional),HEK Yeah BBQ,43,6.704225352
American (traditional),Hillside Spot,216,34.31924883
American (traditional),Hole-in-the-Wall,43,6.704225352
American (traditional),Hooters,79,12.1314554
American (traditional),IHOP,29,4.309859155
American (traditional),Ironworks Restaurant,14,2.075117371
American (traditional),Islands Restaurant,71,11.01408451
American (traditional),Jackalope Flats,12,1.755868545
American (traditional),JB's Restaurant,10,1.436619718
American (traditional),Johnny's Uptown,1,0
American (traditional),Jt's Bar & Grill,53,8.300469484
American (traditional),Keegan's Grill & Taproom Foothills,51,7.981220657
American (traditional),Keegan's Grill,63,9.896713615
American (traditional),Kincaid's Classic American Dining,95,15.00469484
American (traditional),Kona Grill,108,17.07981221
American (traditional),Lager Fields' Micropub and Grill,4,0.478873239
American (traditional),Lantana Grille,5,0.638497653
American (traditional),Left Seat Restaurant & Lounge,4,0.478873239
American (traditional),Legends Sports Bar & Restaurant,14,2.075117371
American (traditional),Lenny's Burger Shop,46,7.183098592
American (traditional),Local Breeze,139,22.02816901
American (traditional),Logan's Roadhouse,68,10.69483568
American (traditional),Lone Star Steakhouse,40,6.225352113
American (traditional),Long Wong's Restaurant,43,6.704225352
American (traditional),LongHorn Steakhouse,49,7.502347417
American (traditional),Lunch Box,12,1.755868545
American (traditional),Madi G's,3,0.319248826
American (traditional),Majerle's Sports Grill,135,21.38967136
American (traditional),Marcel's,9,1.276995305
American (traditional),Marie Callender's,3,0.319248826
American (traditional),Marston's Cafe,12,1.755868545
American (traditional),McCormick & Schmicks Seafood Restaurant,40,6.225352113
American (traditional),Melrose Kitchen,37,5.746478873
American (traditional),Mel's Diner,26,3.990610329
American (traditional),Mid City Kitchen,9,1.276995305
American (traditional),Mimi's Cafe,137,21.38967136
American (traditional),Monroe's Downtown,2,0.159624413
American (traditional),Moon Valley Grill,11,1.596244131
American (traditional),Native Grill and Wings,34,5.267605634
American (traditional),Native New Yorker,101,15.64319249
American (traditional),Nixon's,4,0.478873239
American (traditional),North 51 Grill,20,3.03286385
American (traditional),O Bar & Grill,11,1.596244131
American (traditional),Ocotillo Sun,5,0.638497653
American (traditional),Olive & Ivy Marketplace,18,2.713615023
American (traditional),On Deck Sports Grill,7,0.957746479
American (traditional),Paradise Valley Burger Company,207,32.88262911
American (traditional),Pete's Fish And Chips,42,6.544600939
American (traditional),Phoenix All-stars Sports Bar & Grill,5,0.638497653
American (traditional),Raising Cane's,139,21.8685446
American (traditional),Ranch House Grille,76,11.97183099
American (traditional),Red Lobster,29,4.309859155
American (traditional),Red Robin Gourmet Burgers,89,13.88732394
American (traditional),Rennick's Restaurant,5,0.638497653
American (traditional),Rico's American Grill,50,7.821596244
American (traditional),Rimrock Bar & Grille,10,1.436619718
American (traditional),Rock Bottom Restaurant & Brewery,112,17.55868544
American (traditional),Ruby Tuesday,30,4.469483568
American (traditional),Rusconi's American Kitchen,151,23.94366197
American (traditional),Sacred Hogan Navajo Frybread,43,6.704225352
American (traditional),Salty Sow,162,25.69953052
American (traditional),Satisfied Frog On Bell,61,9.577464789
American (traditional),Segal's Oasis Grill,5,0.638497653
American (traditional),Shenanigans Bar & Grill,13,1.915492958
American (traditional),Sierra Bonita Grill,193,30.64788732
American (traditional),Sizzler,27,3.990610329
American (traditional),Skunk Creek Flats,26,3.990610329
American (traditional),Smashburger,238,37.35211268
American (traditional),Sonic Drive-In,51,6.863849764
American (traditional),South Bank Grill,8,1.117370892
American (traditional),SpoonZ Cafe,23,3.511737089
American (traditional),Sport Peppers Grill,8,1.117370892
American (traditional),Stackers Restaurant,15,2.234741784
American (traditional),Steve's Grill,119,18.83568075
American (traditional),Stonegrill,9,1.276995305
American (traditional),Swensen's Grill &  Ice Cream Parlor,17,2.55399061
American (traditional),Taberna del Tequila,29,4.469483568
American (traditional),Teakwoods Tavern & Grill,75,11.81220657
American (traditional),Texas Roadhouse,102,15.96244131
American (traditional),TGI Friday's,23,3.352112676
American (traditional),The Art Of Soup,15,2.234741784
American (traditional),The Bamboo Club,8,1.117370892
American (traditional),The Brickhouse,7,0.957746479
American (traditional),The Capital Grille,135,21.38967136
American (traditional),The Cheesecake Factory,120,18.99530516
American (traditional),The Courtyard Cafe,14,2.075117371
American (traditional),The DawgFather Grill,15,2.234741784
American (traditional),The Flight Line Bar and Grill,11,1.596244131
American (traditional),The Fry Bread House,193,30.48826291
American (traditional),The Melting Pot,109,17.23943662
American (traditional),The Oink Cafe,157,24.90140845
American (traditional),The Other Q Bar and Grill,27,4.150234742
American (traditional),The Playa II Bar and Grill,4,0.478873239
American (traditional),The Raven Grill,2,0.159624413
American (traditional),The Vig,372,59.22065728
American (traditional),The White Chocolate Grill,355,56.50704225
American (traditional),Thunderbird Roadhouse,29,4.469483568
American (traditional),Tilted Kilt Pub & Eatery,128,20.27230047
American (traditional),Tom's Tavern & 1929 Grill,44,6.863849765
American (traditional),Trails End Bar & Grill,5,0.638497653
American (traditional),Turk's Fish and Chips,2,0.159624413
American (traditional),Twin Peaks,52,8.14084507
American (traditional),Two Hippies Gnarly Burger Joint,82,12.92957746
American (traditional),U.S. Egg,66,10.37558685
American (traditional),Uncle Bear's Brewhouse Grill,53,8.300469484
American (traditional),Village Inn,21,3.03286385
American (traditional),Waffle House,70,10.53521127
American (traditional),Wagon Yard,30,4.629107981
American (traditional),Wally's' American Pub N Grill,78,12.29107981
American (traditional),Welcome Diner,167,26.49765258
American (traditional),Wendy's Old Fashioned Hamburgers,8,1.117370892
American (traditional),Whataburger,93,13.56807512
American (traditional),Wingettes,38,5.906103286
American (traditional),Wolfley's Neighborhood Grill,113,17.87793427
American (traditional),Yoasis Ahwatukee,16,2.394366197
American (traditional),ZeeZ Grill,12,1.755868545
American (traditional),Zipps Sports Grill,110,17.23943662
American (new),101 Bistro,8,1.117370892
American (new),1130 The Restaurant,100,15.8028169
American (new),12 East Cafe,8,1.117370892
American (new),25 Degrees,51,7.981220657
American (new),32nd Cafe,6,0.798122066
American (new),5 & Diner Deer Valley,9,1.276995305
American (new),7th Heaven Eatery,6,0.798122066
American (new),Adobe Restaurant-Arizona Biltmore Golf Club,16,2.394366197
American (new),Ammaccapane's Restaurant & Sports Bar,18,2.713615023
American (new),Angels Trumpet Ale House,294,46.76995305
American (new),Antars Sports Bistro,14,2.075117371
American (new),Arby's,2,0.159624413
American (new),Arcadia Farms Cafe,25,3.830985915
American (new),Arizona Baseball Club Restaurant,6,0.798122066
American (new),Arizona Roadhouse 66,20,3.03286385
American (new),ASAP California Pizza Kitchen,14,2.075117371
American (new),Baja Loco Mesquite Grill & Cantina,17,2.55399061
American (new),Bar Smith,84,13.24882629
American (new),Basis New American,21,3.192488263
American (new),Beckett's Table,457,72.78873239
American (new),Bink's Midtown,113,17.87793427
American (new),Bistro 24,24,3.671361502
American (new),BJ's Restaurant & Brewhouse,115,18.1971831
American (new),Bliss ReBAR,273,43.41784038
American (new),Blue Hound Kitchen & Cocktails,162,25.69953052
American (new),Blue Martini Lounge,110,17.39906103
American (new),Blue Sage,19,2.873239437
American (new),Bobby Q,633,100.8826291
American (new),Brick,113,17.87793427
American (new),Brickyard Sports Bar and Grill,2,0.159624413
American (new),Cafe At Desert Ridge,31,4.788732394
American (new),Cafe Zupas,77,11.97183099
American (new),Cafeteria on Thomas,26,3.990610329
American (new),Caffe Boa Ahwatukee,85,13.4084507
American (new),Caf? Allegro at MIM,14,2.075117371
American (new),California Pizza Kitchen,98,15.32394366
American (new),Carl's Jr 7091,5,0.638497653
American (new),Catch 22 Sports Grill,65,10.21596244
American (new),Chestnut Fine Foods & Provisions,70,11.01408451
American (new),Cheuvront,170,26.97652582
American (new),Chick-Fil-A,39,5.906103286
American (new),Chili's Grill & Bar,38,5.586854461
American (new),Circa 1900,2,0.159624413
American (new),Clarendon Kitchen + Bar C4,23,3.511737089
American (new),Coach & Willies,69,10.85446009
American (new),Coach's Corner Grill,30,4.629107981
American (new),Coco's Restaurant,8,1.117370892
American (new),Compass Arizona Grill,102,16.12206573
American (new),Copper Blues,171,27.13615023
American (new),Coronado Cafe,149,23.62441315
American (new),Country Boys Restaurant,26,3.990610329
American (new),Cowboy Ciao,65,10.21596244
American (new),Cranberry Hills Eatery & Catering,7,0.957746479
American (new),Culinary Dropout,107,16.92018779
American (new),Cycle,12,1.755868545
American (new),Daily Bistro,19,2.873239437
American (new),Daily Dose Midtown,107,16.92018779
American (new),Dairy Queen,3,0.319248826
American (new),Denny's Restaurant,9,1.117370892
American (new),Dennys,20,2.873239437
American (new),District American Kitchen and Wine Bar,209,33.20187793
American (new),D'Lish Cafe,27,4.150234742
American (new),Ed's,3,0.319248826
American (new),Elephant Bar Restaurant,77,12.1314554
American (new),Ezekiel's Restaurant,61,9.577464789
American (new),Fenix Eatery & Bar,9,1.276995305
American (new),FEZ,917,146.2159624
American (new),Floyd's Kitchen,78,12.29107981
American (new),Four Peaks Brewing Company,48,7.502347418
American (new),Garage Wine and Tap,136,21.54929577
American (new),Genie G's,14,2.075117371
American (new),Ghost Lounge,30,4.629107981
American (new),Gordon Biersch,65,10.21596244
American (new),Great American Grill,2,0.159624413
American (new),GreenMix,53,8.300469484
American (new),Gypsy Bar,39,6.0657277
American (new),Half Moon Sports Grill,91,14.36619718
American (new),Hillstone,266,42.30046948
American (new),Ingo's Tasty Food,86,13.56807512
American (new),Jackson's On 3rd,9,1.276995305
American (new),Jose Roux,53,8.300469484
American (new),Karla's Sports Lounge & Restaurant,2,0.159624413
American (new),Kitchen 56,138,21.8685446
American (new),Kozy Cactus,8,1.117370892
American (new),Let's DO Lunch,3,0.319248826
American (new),Ling and Louie's Kitchen,36,5.58685446
American (new),Lisa G Cafe and Wine Bar,46,7.183098592
American (new),Little Cleo's Seafood Legend,60,9.417840376
American (new),Lucky Strike,113,17.87793427
American (new),Lustre Bar,73,11.49295775
American (new),Lux,631,100.5633803
American (new),Maizie's Cafe & Bistro,287,45.65258216
American (new),Martini Bistro,2,0.159624413
American (new),Mayo Clinic Hospital Cafeteria,7,0.957746479
American (new),Moga Crepes,5,0.638497653
American (new),Native New Yorker,24,3.671361502
American (new),New Orleans Sno Ball,52,8.14084507
American (new),noca,272,43.25821596
American (new),Nook,104,16.44131455
American (new),O.H.S.O. Eatery + nanoBrewery,404,64.3286385
American (new),Old Country Buffet,20,3.03286385
American (new),Olive & Ivy,33,5.107981221
American (new),Oscar Taylor's,5,0.638497653
American (new),Our Gang Sports Saloon & Grill,21,3.192488263
American (new),Palette,17,2.55399061
American (new),Peaks & Valleys Restaurant,22,3.352112676
American (new),Perfect Pear Bistro,48,7.502347418
American (new),Phoenix Buffet,3,0.319248826
American (new),Phoenix City Grille,163,25.85915493
American (new),Pita Jungle,732,116.0469484
American (new),Pizza People Pub,89,14.04694836
American (new),Pollo Sabroso,1,0
American (new),Portland's Restaurant & Wine Bar,77,12.1314554
American (new),Province Restaurant,110,17.39906103
American (new),Quiessence Restaurant,114,18.03755869
American (new),RBG Bar & Grill,3,0.319248826
American (new),Rusconi's American Kitchen,151,23.94366197
American (new),Sapna Caf?,38,5.906103286
American (new),Seasons 52,215,34.15962441
American (new),Short Leash Dogs Food Truck,204,32.40375587
American (new),Short Leash Hot Dogs,120,18.99530516
American (new),Sky Lounge,18,2.713615023
American (new),Sonoma Casual Dining,10,1.436619718
American (new),Souper Salad,16,2.394366197
American (new),Spoke & Wheel,68,10.69483568
American (new),St Francis Restaurant,654,104.2347418
American (new),Stoudemire's Downtown,13,1.915492958
American (new),Sunshine and Spice,7,0.957746479
American (new),Switch Restaurant & Wine Bar,446,71.03286385
American (new),T Cook's Restaurant,166,26.33802817
American (new),T.G.I. Friday's,27,4.150234742
American (new),Tarbell's,138,21.8685446
American (new),TGI Friday's,4,0.478873239
American (new),The Arrogant Butcher,467,74.38497653
American (new),The Attic,72,11.33333333
American (new),The Cheesecake Factory,120,18.99530516
American (new),The Compound Grill,75,11.81220657
American (new),The Gladly,112,17.71830986
American (new),The Grind,277,44.05633803
American (new),The Henry,157,24.90140845
American (new),The House at Secret Garden,75,11.81220657
American (new),The Little Woody,79,12.45070423
American (new),The Living Room Wine Cafe & Lounge,37,5.746478873
American (new),The Lobby Grill,22,3.352112676
American (new),The Lounge,33,5.107981221
American (new),The Main Ingredient Ale House And Caf?,306,48.68544601
American (new),The Market By Jennifer's,35,5.427230047
American (new),The Mix Up Bar,8,1.117370892
American (new),The Place,12,1.755868545
American (new),The Roosevelt,181,28.73239437
American (new),The Vig Fillmore,91,14.36619718
American (new),The Vig Uptown,294,46.76995305
American (new),The Wrigley Mansion Club,83,13.08920188
American (new),The Yard,209,33.20187793
American (new),Thirteen North,83,13.08920188
American (new),Timo Wine Bar,125,19.79342723
American (new),True Food Kitchen,527,83.96244131
American (new),Tuck Shop,282,44.85446009
American (new),Twenty Highland Tavern,27,4.150234742
American (new),Twin Peaks,52,8.14084507
American (new),Vaquero's Carne Asada,4,0.478873239
American (new),Vatra,18,2.713615023
American (new),Viad Tower Restaurants,6,0.798122066
American (new),Vinery 214 Bistro,11,1.596244131
American (new),Wildberri,4,0.478873239
American (new),Windsor,474,75.50234742
American (new),Wright's,39,6.0657277
American (new),Yard House,165,26.17840376
American (new),Zest - Spirited Dining,11,1.596244131
American (new),Zinburger,385,61.29577465
